# Wavefront OBJ file
# Creator: Ultimate Unwrap3D Pro v3.40
# Website: http://www.unwrap3d.com
# Time: Sat Dec 01 19:23:09 2012
# num_vertices: 707
# num_uvs: 3276
# num_faces: 912
# num_groups: 1

mtllib witchhouse.mtl

v 4.490160 4.406537 2.029594
v 3.704564 4.406549 3.064401
v 2.769360 4.406544 2.797554
v 2.545073 4.406541 0.599897
v 2.475115 4.406539 2.713595
v 4.443220 4.406526 1.174679
v 2.471549 4.406539 0.599897
v 2.402713 4.525899 1.200003
v 2.402611 4.524494 0.599897
v 4.394999 4.406485 0.296747
v 4.533242 4.406548 2.814213
v -3.837562 1.907241 -4.225377
v -3.750357 1.858901 -4.225171
v -3.750357 1.859371 -4.542412
v -3.837562 1.907715 -4.550027
v -3.750357 1.846451 4.189373
v -3.837563 1.894965 4.195837
v -3.978809 1.583525 -2.410634
v -3.532790 2.229630 -4.175547
v -3.531189 2.225762 4.175550
v 3.749269 1.814871 -3.959110
v 3.836473 1.894381 3.949825
v 3.836473 1.863785 -3.959296
v 3.749268 1.845868 3.943364
v 3.836473 1.861914 -4.442863
v 3.749269 1.812973 -4.442863
v 3.995889 1.529920 1.845518
v 3.493340 2.283511 -3.957798
v 3.495087 2.287724 3.957796
v -2.154066 6.091915 -3.044624
v -2.224821 6.213886 -2.948594
v -1.445652 6.175906 -2.909137
v -1.514146 6.059872 -3.012218
v -2.195729 4.892097 -2.943808
v 0.001286 8.838733 -5.126087
v -0.728761 7.401985 -1.937033
v -1.488576 6.108779 -3.071273
v -2.148547 6.141826 -3.104697
v -2.138053 7.472553 -2.008402
v 4.497476 4.206502 -0.580418
v 4.598281 4.206524 1.159807
v 4.598381 4.406525 1.161518
v 4.497476 4.406503 -0.580418
v 3.705798 4.206551 3.226161
v 3.905684 4.206541 -1.106806
v 4.489621 4.406514 0.297344
v 4.538914 4.406525 1.164897
v 4.442261 4.406503 -0.536190
v 4.590297 4.451638 2.069221
v 4.585179 4.451633 1.979163
v 4.587727 4.406536 2.023999
v 4.585404 5.361434 1.983055
v 4.590521 5.361434 2.073114
v 4.541495 4.451626 1.210313
v 4.536377 4.451625 1.120253
v 4.536821 5.361425 1.128035
v 4.541938 5.361426 1.218096
v 4.492234 4.451615 0.343343
v 4.487116 4.451613 0.253265
v 4.488216 5.361415 0.272628
v 4.493334 5.361416 0.362701
v 3.705326 4.406549 3.164255
v 3.705326 4.451653 3.164255
v 3.748503 4.451653 3.151219
v 3.661956 4.451653 3.151880
v 4.633982 4.451648 2.838081
v 4.636540 4.406548 2.883110
v 4.636540 4.451649 2.883110
v 4.636545 5.361444 2.883108
v 4.633986 5.361444 2.838080
v 4.593364 4.451649 2.896145
v 4.593369 5.361444 2.896144
v 4.442261 4.451604 -0.536191
v 4.409365 4.451605 -0.567044
v 4.442258 5.361407 -0.536200
v 4.409362 5.361408 -0.567054
v 4.444819 4.451604 -0.491161
v 4.444817 5.361406 -0.491171
v 3.852813 4.451642 -1.044075
v 3.897830 4.406541 -1.046818
v 3.897830 4.451641 -1.046818
v 3.930727 4.451640 -1.015964
v 2.475411 4.406539 2.875087
v 3.705798 4.406549 3.226161
v 2.592137 4.206542 2.908393
v 2.743038 4.406544 2.889680
v 3.374891 4.206543 2.057692
v 3.631501 4.206548 2.075797
v 3.598506 4.206544 1.864407
v 4.700581 4.406547 2.925823
v 4.700581 4.206543 2.925823
v 4.398904 5.361416 0.367637
v 4.397541 4.451588 0.343017
v 4.440757 4.451624 1.129827
v 4.440958 5.361425 1.133504
v 4.445703 4.451627 1.219895
v 4.445904 5.361427 1.223572
v 4.487698 4.451634 1.984742
v 4.487902 5.361434 1.988419
v 2.585374 4.206538 -1.026348
v 2.588465 4.206541 0.824069
v 3.341895 4.206543 1.846302
v 3.905684 4.406541 -1.106806
v 2.468935 4.406538 -1.019252
v 2.786361 4.451619 2.902045
v 2.494882 4.451639 -0.961324
v 2.469054 4.406538 -0.959750
v 4.490065 4.451649 2.827249
v 3.747741 4.451653 3.051365
v 4.490070 5.361444 2.827247
v 4.530774 5.361444 2.769178
v 4.530769 4.451648 2.769179
v 4.492643 4.451639 2.074810
v 4.492847 5.361434 2.078487
v 4.355664 5.361407 -0.419822
v 4.355669 4.451602 -0.419816
v 4.392593 4.451587 0.252917
v 4.393956 5.361415 0.277534
v 4.321886 4.451606 -0.497311
v 3.916475 4.451640 -0.917595
v 4.321880 5.361408 -0.497316
v 2.499785 4.451632 2.722779
v 1.968831 5.361598 2.686262
v 1.917856 5.361735 2.675282
v 3.704569 5.406549 3.064401
v 3.661657 5.361699 3.052224
v 3.704569 5.361563 3.064401
v 3.747746 5.361450 3.051365
v 4.533246 5.406548 2.814212
v 4.533246 5.361444 2.814212
v 4.353191 5.406508 -0.464856
v 4.353191 5.361407 -0.464856
v 3.840240 5.361771 -0.947415
v 3.885159 5.406542 -0.950061
v 3.885159 5.361594 -0.950061
v 3.916471 5.361438 -0.917600
v 2.508198 5.361588 -0.932763
v 2.462336 5.362000 -0.931576
v 2.466223 5.406544 -0.936038
v 2.448308 4.531718 -0.865806
v 2.402364 4.521068 -0.862725
v 2.508198 5.361598 -1.026113
v 2.466223 5.406544 -1.029361
v 2.462280 5.362000 -1.024813
v 2.448334 4.532078 -0.957255
v 2.402349 4.520850 -0.955685
v 3.852921 5.361778 -1.044084
v 3.897829 5.361576 -1.046821
v 3.897829 5.406542 -1.046821
v 3.930726 5.361437 -1.015967
v 4.442258 5.406507 -0.536200
v 4.636545 5.406548 2.883108
v 3.748507 5.361450 3.151219
v 3.705331 5.361577 3.164255
v 3.705331 5.406549 3.164255
v 3.662413 5.361681 3.151992
v 4.539402 5.406528 1.173451
v 4.490829 5.406518 0.318622
v 3.885163 4.406542 -0.950056
v 3.885162 4.451631 -0.950056
v 3.840070 4.451625 -0.948501
v 4.353198 4.406503 -0.464850
v 4.353198 4.451604 -0.464851
v 4.533243 4.451649 2.814213
v 3.704564 4.451653 3.064401
v 3.661194 4.451653 3.052026
v 2.266649 2.424114 3.652096
v 3.177386 2.293291 3.616583
v 3.204661 2.227427 3.609260
v 3.213253 2.379864 3.621047
v -2.545793 1.230901 -3.556302
v -3.375834 2.117363 -3.619323
v -3.294137 2.175282 -3.619016
v -3.375818 2.113976 3.502038
v -3.296147 2.174447 3.501980
v -2.545774 1.226548 3.450694
v -2.324921 2.350414 3.645200
v -3.244158 2.278641 3.611758
v -3.238625 2.292020 3.613271
v -3.248656 2.316216 3.614573
v -0.461545 1.208735 3.632694
v 0.461544 1.208737 3.632694
v 0.461544 1.199067 3.732294
v -0.461545 1.199062 3.732294
v 0.461544 3.324335 3.759181
v 0.461544 3.318367 3.859003
v -0.461545 3.318367 3.859003
v -0.461545 3.324335 3.759181
v -0.600000 1.065430 3.647480
v -2.403209 1.206825 3.660033
v -0.600000 1.206825 3.660029
v -2.500000 0.999997 3.642344
v 0.600000 1.065431 3.647475
v 0.600000 1.206828 3.660029
v 2.403209 1.206831 3.660029
v 2.500000 1.000003 3.642339
v -2.401850 1.213794 3.560261
v -0.600001 1.213794 3.560261
v -1.365234 2.350414 3.645255
v -1.365258 3.172400 3.718932
v -0.600000 3.464097 3.741460
v -0.775714 4.395308 3.828582
v 1.306752 2.425313 3.652142
v 0.600000 3.464093 3.741533
v 1.308256 3.247304 3.725818
v 0.600000 1.213796 3.560255
v 0.751438 4.395304 3.828680
v 2.401850 1.213800 3.560255
v -0.600000 3.456576 3.867267
v -0.600000 1.060853 3.724031
v 0.600000 3.456576 3.867267
v 0.600000 1.060856 3.724031
v 2.490161 1.000003 -3.732002
v 2.617014 1.165388 -3.544893
v 3.375833 2.117363 -3.619329
v 3.412369 2.164337 -3.821508
v 2.392835 1.206345 -3.751723
v 3.337387 2.133277 -3.818798
v -2.500000 1.000002 -3.746198
v -2.624168 1.168793 -3.556331
v -3.390092 2.135535 -3.820796
v -2.403209 1.211130 -3.766324
v -3.285487 2.178864 -3.824464
v 4.490385 5.406538 2.033635
v 4.587974 5.406538 2.028277
v 4.443441 5.406528 1.178720
v 4.396497 5.406518 0.323803
v 3.450524 2.180141 -3.957798
v 3.450523 2.180135 3.957795
v -3.511762 2.178859 4.175550
v -3.511762 2.178864 -4.175547
v 2.475298 4.406539 2.813284
v -3.245661 2.275017 -3.830817
v -3.248327 2.275491 -3.731318
v -3.238626 2.292022 -3.730311
v -3.238626 2.292017 -3.832049
v 2.589631 4.206542 1.542597
v 2.812423 4.451618 2.809778
v 2.785524 5.361537 2.863288
v 2.697960 5.361804 2.843506
v 2.724670 4.451550 2.787828
v 2.469483 4.406539 -0.600103
v 2.402409 4.521683 -0.600103
v 2.469144 4.406539 -0.863765
v 2.545073 4.406539 -0.600103
v 4.236445 1.181191 -4.000401
v 4.125710 1.344544 -4.534756
v 4.162539 1.284580 -3.466928
v 4.130067 1.361573 4.006224
v 4.240254 1.196081 3.467989
v 4.129523 1.359447 2.938599
v 4.192171 1.271369 -2.371955
v 4.294433 1.103140 -2.905951
v 4.275651 1.142622 2.368623
v 4.238351 1.188640 -0.263778
v 4.238084 1.187595 -0.788332
v 4.128157 1.354098 0.258976
v 4.237534 1.185444 -1.867421
v 4.163283 1.299585 -1.368484
v 4.128424 1.355142 0.782214
v 4.239163 1.191816 1.327055
v 4.353240 1.200849 2.401781
v 4.073605 1.587052 1.876165
v 4.317014 1.247876 1.365771
v 4.241560 1.330774 -3.461344
v 4.373380 1.150560 -2.899316
v 4.271023 1.319896 -2.362821
v 4.316163 1.234923 -1.852093
v 2.545773 1.226554 3.450688
v 2.624181 1.164487 3.450649
v 2.538574 1.227409 -3.544005
v -2.401245 1.220961 -3.666807
v 2.392373 1.216711 -3.652241
v -0.000005 8.074163 -4.391182
v 3.212837 2.378868 -3.741161
v 3.212291 2.377548 -3.841558
v -0.000005 8.064555 -4.490775
v 4.315595 1.226292 -3.997323
v 4.206978 1.418767 2.974265
v 4.241781 1.350155 -1.352875
v 4.316446 1.239237 -0.779471
v 4.204988 1.388550 -4.534185
v 4.317585 1.256505 3.511011
v 4.207263 1.423080 4.046903
v 4.316588 1.241398 -0.243159
v 4.206268 1.407972 0.292678
v 4.206410 1.410128 0.828996
v -4.205500 1.228383 3.720030
v -4.205234 1.421448 4.293005
v -4.120111 1.374117 4.286764
v -4.289999 1.275850 3.720060
v -4.262742 1.318559 3.161672
v -4.178864 1.270956 3.164190
v -4.180602 1.275172 2.618978
v -4.263855 1.322911 2.618919
v -4.218935 1.383627 2.052770
v -4.136311 1.335751 2.064051
v -4.181849 1.274899 1.507143
v -4.263855 1.322911 1.507052
v -4.205234 1.421451 -0.189461
v -4.156721 1.318745 0.395274
v -4.125100 1.373029 -0.160653
v -4.237479 1.367029 0.395204
v -4.205234 1.421450 0.931157
v -4.123852 1.373302 0.951201
v -4.186838 1.273809 -2.940170
v -4.056449 1.632491 -2.456967
v -4.263855 1.322912 -2.990885
v -4.126970 1.372621 -1.828434
v -4.205234 1.421451 -1.870384
v -4.205234 1.421453 -4.671921
v -4.174441 1.303101 -4.052094
v -4.130088 1.371942 -4.608062
v -4.250209 1.352476 -4.111572
v -4.205234 1.421454 -3.551305
v -4.128841 1.372215 -3.496208
v -4.205234 1.421451 -0.749769
v -4.125728 1.372892 -0.721599
v -4.184968 1.274218 -1.272431
v -4.263855 1.322911 -1.310001
v 0.002477 8.641226 -5.094388
v 3.224247 2.406415 -3.845837
v 3.337384 2.453277 -3.849684
v 0.118104 8.241161 -4.506539
v -0.000005 8.182293 -4.502678
v 3.417670 2.420022 -3.846523
v 0.000000 8.664832 4.910415
v 0.002407 8.652469 5.009653
v 0.117876 8.443976 -4.977463
v 0.159994 8.342293 -4.963955
v 0.118230 8.241467 -4.946220
v -3.401604 2.450763 4.175550
v -0.121170 8.248549 4.861018
v -0.118617 8.242379 4.313853
v -3.397710 2.451997 3.728997
v 3.375818 2.113976 3.502033
v 3.417507 2.166461 3.705057
v 3.413316 2.164729 -3.682932
v 0.002898 8.854177 5.036508
v -2.099999 1.111877 -3.346136
v -2.100000 1.007833 3.242345
v -2.100000 1.107835 3.242404
v -2.099999 1.011877 -3.346197
v 2.100000 1.111877 -3.346142
v 2.100000 1.107839 3.242400
v 2.100000 1.007839 3.242339
v 2.100000 1.011877 -3.346203
v 3.281785 2.156307 3.500992
v 3.279685 2.157176 -3.617537
v -2.624181 1.164481 3.450655
v -3.247080 2.312409 3.714705
v 0.000000 8.068604 4.300547
v -0.000026 8.077889 4.200958
v -3.246635 2.272658 3.711560
v 3.211465 2.375545 3.721127
v 3.206784 2.222301 3.709123
v -0.118116 8.241161 -4.506528
v -3.403874 2.449826 -4.175546
v -3.399607 2.452003 -3.850139
v -0.118606 8.242346 -4.949321
v -3.392298 2.134617 3.703339
v -3.285487 2.178859 3.706561
v -3.247926 2.314456 -3.834352
v -3.248456 2.315732 -3.733950
v -3.285487 2.405133 3.724463
v -3.285487 2.405133 4.175550
v -3.285487 2.405138 -4.175547
v -3.285487 2.405138 -3.845044
v -3.238626 2.292001 -4.175547
v -3.398624 2.131996 4.175550
v -3.398624 2.131999 -4.175547
v -3.285487 2.178859 4.175550
v -3.238625 2.291996 4.175550
v -3.285487 2.178864 -4.175547
v 0.953934 2.357571 -3.760046
v -0.989586 2.355804 -3.760375
v -1.949703 2.357526 -3.760798
v 1.914051 2.355849 -3.759619
v 0.956519 3.178924 -3.844326
v -0.986980 3.177161 -3.844655
v 3.201877 2.234152 -3.727386
v 3.177387 2.293278 -3.754941
v -1.947119 3.178879 -3.845078
v -0.469197 5.266725 -4.058928
v -0.467386 6.088073 -4.143207
v 0.490697 5.265522 -4.058556
v 1.916656 3.177206 -3.843899
v 0.492530 6.086876 -4.142836
v 3.224249 2.180135 3.707616
v 3.337386 2.133271 3.702803
v 3.416152 2.420651 -3.957798
v 3.224247 2.180141 -3.823863
v 3.205657 2.225023 -3.826895
v 3.337384 2.453277 -3.957798
v 3.224247 2.406415 -3.957798
v 3.337387 2.133277 -3.957798
v 3.337386 2.133271 3.957795
v 3.177386 2.293272 3.957796
v 3.224249 2.180135 3.957795
v 3.224249 2.406409 3.725228
v 3.337386 2.453271 3.728497
v 3.337386 2.453271 3.957796
v 3.224249 2.406409 3.957796
v 3.421047 2.418622 3.957796
v 3.415163 2.421055 3.725871
v 3.224247 2.180141 -3.957798
v 3.177387 2.293278 -3.957798
v -2.324965 3.172404 3.718874
v 0.754672 6.519588 4.019082
v -0.765349 6.519607 4.018985
v 2.268174 3.246101 3.725772
v -1.503689 2.486851 3.683102
v -2.186510 3.032059 3.746346
v -1.503712 3.032063 3.746343
v -2.186465 2.486847 3.683105
v -1.503712 3.026095 3.846163
v -1.503689 2.480883 3.782922
v -2.186465 2.480879 3.782928
v -1.365234 2.342674 3.774660
v -1.365258 3.164299 3.854427
v -2.324921 2.342670 3.774662
v -2.186510 3.026091 3.846163
v -2.324965 3.164299 3.854426
v 0.625905 4.528219 3.925486
v -0.637257 6.362082 4.052187
v 0.625903 6.362082 4.052187
v -0.637258 4.528215 3.925487
v -0.637257 6.356118 4.152011
v 0.625903 6.356118 4.152009
v 0.764358 6.494327 4.160272
v -0.775712 6.494326 4.160274
v -0.637258 4.522250 4.025308
v -0.775714 4.384039 4.017042
v 0.625905 4.522251 4.025308
v 0.764361 4.384039 4.017042
v 2.129086 2.560369 3.695968
v 1.447744 3.105574 3.773537
v 2.130391 3.105578 3.759195
v 1.446461 2.560362 3.710309
v 2.132488 3.099610 3.858993
v 2.131182 2.554399 3.795767
v 1.448557 2.554394 3.810110
v 2.269433 2.416190 3.784598
v 1.309959 2.416185 3.804757
v 2.271086 3.237814 3.864346
v 1.449841 3.099606 3.873337
v 1.311590 3.237814 3.884508
v -2.052660 6.633438 2.503062
v -1.111041 6.743420 2.363292
v -2.124197 6.742709 2.411525
v -1.175560 6.632892 2.461323
v -2.089157 5.070940 0.674008
v -1.125435 6.720516 0.606543
v -2.207659 6.719756 0.658064
v -2.177974 6.601155 1.095198
v -2.241963 7.789226 1.524564
v -2.131466 6.601353 2.053782
v -2.119345 5.778271 1.092602
v -2.013259 5.199121 2.426450
v -2.072839 5.778471 2.051167
v -2.193772 6.620043 2.509954
v -2.049983 6.680982 2.558683
v -2.200518 6.666628 2.566036
v -2.286114 6.594646 0.569920
v -2.145001 6.608043 0.563028
v -2.147677 6.654115 0.506182
v -2.298213 6.639759 0.513535
v -1.147760 6.680422 2.515746
v -1.191545 6.607449 0.517654
v -1.164672 6.653503 0.459401
v -2.258754 6.097156 -0.972177
v -1.444523 6.175976 -1.031153
v -2.319439 6.218621 -1.075458
v -1.512354 6.059783 -0.934378
v -2.280959 5.329172 -1.446933
v -2.286778 4.734413 -1.070088
v -2.299197 6.153946 -1.448140
v -2.297120 7.351851 -2.016135
v -2.250795 6.153283 -2.407074
v -2.232558 5.328506 -2.405846
v -2.410012 6.090271 -0.979801
v -2.259305 6.147372 -0.912105
v -2.420666 6.139958 -0.920238
v -2.305324 6.085029 -3.052248
v -2.309910 6.134414 -3.112828
v -1.483832 6.108547 -0.872834
v -2.274273 5.466721 -2.268332
v -2.323884 6.015080 -1.586977
v -2.287884 5.467402 -1.585691
v -2.310274 6.014397 -2.269638
v -2.423858 6.014088 -1.588969
v -2.387857 5.466413 -1.587683
v -2.374249 5.465724 -2.270324
v -2.427989 6.152670 -1.450706
v -2.389247 5.328094 -1.449091
v -2.370121 5.327137 -2.408587
v -2.410249 6.013408 -2.271630
v -2.408859 6.151718 -2.410223
v -2.519778 4.489357 -2.007343
v -2.435570 4.633605 -1.990497
v -2.368922 4.594707 -1.990614
v -2.453183 4.450500 -2.007460
v -2.418278 4.663423 -2.332244
v -2.345726 4.787694 -2.317731
v -2.279083 4.748806 -2.317847
v -2.351681 4.624557 -2.332361
v -3.057456 3.568398 -2.202933
v -3.014575 3.489341 -1.740342
v -2.991235 3.529752 -2.203048
v -3.080868 3.528028 -1.740226
v -2.906971 3.673963 -2.186198
v -2.973248 3.712641 -2.186083
v -2.472128 4.417696 -1.631898
v -2.538781 4.456594 -1.631781
v -2.322315 4.828063 -2.780432
v -2.255740 4.789217 -2.780548
v -2.960363 3.734854 -2.440689
v -2.894130 3.696198 -2.440807
v -3.022357 3.628927 -2.920472
v -2.979594 3.549937 -2.457896
v -2.956251 3.590348 -2.920591
v -3.045769 3.588557 -2.457778
v -3.810931 2.220037 0.649507
v -3.559586 2.554234 0.524734
v -3.610910 2.584157 0.524635
v -3.769035 2.195612 0.649588
v -3.827358 2.192239 1.020799
v -3.715739 2.286510 0.976511
v -3.757962 2.311126 0.976430
v -3.785162 2.167639 1.020880
v -2.884044 3.710574 0.455547
v -2.811883 3.833645 0.898179
v -2.850667 3.856257 0.898105
v -2.922382 3.732925 0.455473
v -3.119969 3.425559 0.571538
v -3.068146 3.395345 0.571638
v -3.099434 3.342527 -0.166049
v -3.027275 3.465596 0.276579
v -3.078887 3.495686 0.276480
v -3.150600 3.372357 -0.166147
v -3.669119 2.484055 0.165368
v -3.618155 2.454343 0.165466
v -3.107853 3.327626 0.328077
v -3.159433 3.357697 0.327978
v -3.755644 2.315570 1.463430
v -3.713002 2.290710 1.463512
v -0.126938 8.422126 -5.026430
v -0.112204 8.455430 -4.981417
v -0.106751 8.458077 -5.026430
v -0.000005 8.652631 -4.994410
v -2.167748 5.911870 1.916846
v -2.122476 5.916409 1.231339
v -2.089388 5.916560 1.913318
v -2.198463 5.911866 1.234761
v -2.232952 6.595279 2.058352
v -2.153265 5.773661 2.054790
v -2.196438 5.773654 1.096074
v -2.230926 6.457078 1.919668
v -2.261642 6.457078 1.237561
v -2.161922 6.463046 1.233071
v -2.276125 6.595280 1.099618
v -2.131205 6.463048 1.915177
v -0.000005 8.502292 -4.970723
v 0.000000 8.502286 4.888769
v -0.113137 8.455424 4.887133
v -0.160000 8.342287 4.874698
v 0.000000 8.182287 4.310642
v 0.118616 8.242379 4.313866
v 0.110877 8.456363 -4.978469
v 0.108425 8.457379 -5.026430
v 0.123204 8.431112 -5.026430
v 0.121150 8.248496 4.853063
v 0.113137 8.455424 4.881072
v 0.160000 8.342287 4.865178
v 0.113131 8.229156 -5.026430
v -0.000006 8.182293 -5.026430
v -0.113143 8.229156 -5.026430
v -0.113137 8.455424 4.948912
v -0.160000 8.342287 4.948912
v 0.000000 8.502286 4.948912
v 0.113137 8.455424 4.948912
v 0.113137 8.229149 4.948912
v 0.000000 8.182287 4.948912
v -0.113137 8.229149 4.948912
v 0.160000 8.342287 4.948912
v -0.160006 8.342293 -5.026430
v -0.160006 8.342293 -4.969058
v 0.159994 8.342293 -5.026430
v -0.000006 8.502292 -5.026430
v 2.564358 6.767272 -0.551266
v 2.564358 6.767272 0.551271
v 2.612163 7.430159 0.000003
v 2.416271 5.836545 1.327682
v 2.508101 5.987193 1.199997
v 1.550741 5.988457 1.200003
v 1.639428 5.836545 1.327682
v 1.547058 5.988461 -1.199997
v 2.402308 4.520278 -1.199997
v 2.508101 5.987193 -1.199997
v 2.416270 5.836545 -1.327682
v 2.609396 5.818151 -1.327682
v 2.622293 5.880681 -1.404651
v 2.416270 5.900390 -1.404651
v 2.416271 5.900390 1.404650
v 2.622294 5.880681 1.404650
v 2.609398 5.818151 1.327682
v 1.635355 5.836545 -1.327682
v 1.598047 5.900390 -1.404651
v 1.602356 5.900390 1.404650
v 2.560141 6.708803 0.599897
v 2.450468 4.508576 -0.461647
v 2.450469 4.508576 0.461441
v 2.565634 6.628541 0.461441
v 2.565634 6.628541 -0.461647
v 2.665488 6.623116 0.461441
v 2.665488 6.623116 -0.461647
v 2.550322 4.503152 -0.461647
v 2.550321 4.503152 0.461441
v 2.672997 6.761372 -0.543756
v 2.672997 6.761372 0.543761
v 0.984688 7.002025 -3.334977
v 0.954665 7.024742 -2.893040
v 0.946011 7.040051 -2.893714
v 0.950556 7.062406 -3.337635
v 1.185557 6.980233 -3.334018
v 1.185557 6.999690 -2.891938
v 1.401480 8.986079 -2.979369
v 1.401480 8.966620 -3.421450
v 1.160390 9.012239 -2.980520
v 0.801594 7.338208 -3.528692
v 1.579181 8.939482 -3.599174
v 0.982689 9.004196 -3.602023
v 1.307782 6.442739 -3.489278
v 0.982688 9.039371 -2.802796
v 0.793376 7.297790 -2.726139
v 1.579181 8.974658 -2.799946
v 1.160390 8.992777 -3.422601
v -0.329170 5.400908 -4.131569
v 0.354838 5.946110 -4.180312
v -0.327805 5.946112 -4.194796
v 0.353452 5.400898 -4.117084
v -0.327053 5.394938 -4.231369
v -0.325688 5.940143 -4.294597
v 0.355570 5.394936 -4.216885
v -0.465651 5.256732 -4.226046
v 0.493819 5.256721 -4.205686
v -0.463936 6.078348 -4.305796
v 0.356956 5.940141 -4.280109
v 0.495556 6.078348 -4.285436
v 1.094275 2.492437 -3.819993
v 1.778702 3.037644 -3.862463
v 1.096218 3.037649 -3.883207
v 1.776736 2.492433 -3.799253
v 1.097306 2.486469 -3.919765
v 1.099252 3.031680 -3.982975
v 1.779768 2.486465 -3.899029
v 0.958665 2.348260 -3.915718
v 1.917909 2.348256 -3.886564
v 0.961112 3.169885 -3.995440
v 1.781734 3.031676 -3.962239
v 1.920377 3.169885 -3.966293
v -1.809385 2.492437 -3.819993
v -1.124959 3.037644 -3.862463
v -1.807441 3.037647 -3.883204
v -1.126925 2.492433 -3.799253
v -1.806353 2.486469 -3.919765
v -1.804408 3.031677 -3.982975
v -1.123892 2.486465 -3.899024
v -1.944995 2.348260 -3.915719
v -0.985751 2.348256 -3.886559
v -1.942549 3.169883 -3.995440
v -1.121926 3.031676 -3.962234
v -0.983283 3.169885 -3.966290
v 3.177387 2.293278 -3.832235
v 2.740114 5.406548 2.856430
v 2.677909 5.361773 2.935551
v 2.765451 5.361533 2.955506
v 2.698647 4.451557 2.879952
v 2.669322 6.693707 0.599891
v 2.669307 6.693449 -0.600103
v 2.560122 6.708549 -0.600103
v 2.882714 3.705142 1.845363
v 2.870207 3.726013 1.642811
v 2.978337 3.541137 1.794017
v 2.965829 3.562007 1.591466
v 3.177386 2.293284 3.713672
v 2.720371 5.406548 2.948503
v -3.238625 2.292014 3.713362
v 2.499948 4.451632 2.822361
v 1.891888 5.406544 2.767027
v 1.969003 5.361585 2.780253
v 1.891716 5.406545 2.673485
v 2.494951 4.451624 -0.866530
v 1.300213 6.408288 -2.686987
v 0.613737 7.593823 0.000003
v -0.000006 8.647415 -1.999997
v 1.917914 5.361933 2.769091
v 0.000000 8.647415 1.999996
v -0.431115 7.908098 1.436815
v 2.964360 7.539213 0.000003
v 2.416270 7.593823 0.000003
v 2.932719 7.385807 0.000003
v -2.476187 7.756854 1.536136
v -2.499305 7.869343 1.535764
v -2.098830 7.909137 1.516180
v -2.548723 7.329584 -2.028789
v -2.567418 7.451115 -2.030038
# num_vertices: 707

vt 0.657011 0.230516
vt 0.672750 0.285296
vt 0.612189 0.331446
vt 0.528193 0.217605
vt 0.657011 0.230516
vt 0.612189 0.331446
vt 0.528193 0.217605
vt 0.652060 0.213282
vt 0.657011 0.230516
vt 0.612189 0.331446
vt 0.562081 0.328787
vt 0.528193 0.217605
vt 0.528193 0.217605
vt 0.528185 0.213297
vt 0.652060 0.213282
vt 0.397293 0.562707
vt 0.396478 0.571201
vt 0.361331 0.572041
vt 0.269922 0.563707
vt 0.562081 0.328787
vt 0.510624 0.326054
vt 0.528193 0.217605
vt 0.658177 0.333887
vt 0.612189 0.331446
vt 0.672750 0.285296
vt 0.481063 0.917347
vt 0.478137 0.920844
vt 0.480695 0.939432
vt 0.483786 0.936449
vt 0.065041 0.925465
vt 0.031131 0.426044
vt 0.034775 0.428319
vt 0.070931 0.924683
vt 0.076603 0.429490
vt 0.076573 0.448516
vt 0.075751 0.942016
vt 0.055841 0.554855
vt 0.480695 0.939432
vt 0.478137 0.920844
vt 0.455327 0.944720
vt 0.034775 0.428319
vt 0.060687 0.428216
vt 0.097002 0.922785
vt 0.070931 0.924683
vt 0.036988 0.427569
vt 0.045867 0.890602
vt 0.040006 0.890715
vt 0.031131 0.427292
vt 0.046411 0.918947
vt 0.040548 0.919048
vt 0.040006 0.890715
vt 0.045867 0.890602
vt 0.083172 0.921221
vt 0.061424 0.552702
vt 0.084680 0.429370
vt 0.083257 0.892882
vt 0.046411 0.918947
vt 0.045867 0.890602
vt 0.077150 0.889818
vt 0.045867 0.890602
vt 0.036988 0.427569
vt 0.066833 0.426044
vt 0.077150 0.889818
vt 0.116850 0.965630
vt 0.107804 0.969758
vt 0.107062 0.923987
vt 0.116202 0.928038
vt 0.259937 0.684439
vt 0.253340 0.676831
vt 0.257226 0.597942
vt 0.249593 0.680336
vt 0.316098 0.769540
vt 0.126359 0.861024
vt 0.221048 0.681750
vt 0.259712 0.684724
vt 0.251984 0.785479
vt 0.169427 0.779120
vt 0.849078 0.898221
vt 0.760207 0.898227
vt 0.760291 0.888040
vt 0.849078 0.888032
vt 0.419817 0.243196
vt 0.554833 0.210344
vt 0.672750 0.269587
vt 0.452634 0.210344
vt 0.554833 0.210344
vt 0.419817 0.243196
vt 0.804470 0.901208
vt 0.760207 0.898227
vt 0.849078 0.898221
vt 0.760208 0.901261
vt 0.760207 0.898227
vt 0.804470 0.901208
vt 0.804470 0.901208
vt 0.849078 0.898221
vt 0.846993 0.901157
vt 0.670893 0.896878
vt 0.668797 0.894772
vt 0.673009 0.894772
vt 0.594790 0.897034
vt 0.551232 0.897034
vt 0.551214 0.892717
vt 0.594770 0.892717
vt 0.630729 0.896872
vt 0.628643 0.894766
vt 0.632852 0.894766
vt 0.594809 0.896959
vt 0.551250 0.896955
vt 0.551214 0.892638
vt 0.594773 0.892641
vt 0.590172 0.896854
vt 0.588114 0.894748
vt 0.592326 0.894753
vt 0.551220 0.896876
vt 0.594787 0.896881
vt 0.594880 0.901199
vt 0.551313 0.901193
vt 0.553319 0.890137
vt 0.551214 0.890138
vt 0.551214 0.888032
vt 0.612185 0.890136
vt 0.610080 0.890141
vt 0.612180 0.888032
vt 0.711061 0.894768
vt 0.711061 0.896873
vt 0.708955 0.894770
vt 0.594770 0.898291
vt 0.594770 0.900450
vt 0.551214 0.900450
vt 0.551214 0.898291
vt 0.596612 0.888032
vt 0.596612 0.890138
vt 0.594507 0.890137
vt 0.551214 0.900450
vt 0.594770 0.900450
vt 0.594770 0.902610
vt 0.551214 0.902610
vt 0.554668 0.890138
vt 0.552564 0.890136
vt 0.552563 0.888034
vt 0.594770 0.895660
vt 0.594770 0.897820
vt 0.551214 0.897820
vt 0.551214 0.895660
vt 0.551214 0.896834
vt 0.551214 0.894730
vt 0.553320 0.894730
vt 0.551214 0.895660
vt 0.551214 0.893500
vt 0.594770 0.893500
vt 0.594770 0.895660
vt 0.620019 0.894722
vt 0.620019 0.896881
vt 0.617862 0.894722
vt 0.587401 0.888032
vt 0.587402 0.890138
vt 0.585298 0.890138
vt 0.558263 0.888082
vt 0.617254 0.888064
vt 0.617258 0.898252
vt 0.552082 0.898269
vt 0.552082 0.898269
vt 0.617258 0.898252
vt 0.616369 0.901277
vt 0.565397 0.901291
vt 0.650555 0.333887
vt 0.603264 0.285350
vt 0.605335 0.270843
vt 0.672750 0.269587
vt 0.592860 0.271217
vt 0.419817 0.243196
vt 0.672750 0.269587
vt 0.605335 0.270843
vt 0.672550 0.901368
vt 0.670188 0.898236
vt 0.716380 0.901314
vt 0.670188 0.898236
vt 0.760207 0.898227
vt 0.716380 0.901314
vt 0.760207 0.898227
vt 0.760208 0.901261
vt 0.716380 0.901314
vt 0.554833 0.210344
vt 0.658546 0.210344
vt 0.672750 0.269587
vt 0.760291 0.888040
vt 0.760207 0.898227
vt 0.670188 0.898236
vt 0.670187 0.888049
vt 0.670187 0.888049
vt 0.670188 0.898236
vt 0.617258 0.898252
vt 0.617254 0.888064
vt 0.618146 0.901276
vt 0.617258 0.898252
vt 0.670188 0.898236
vt 0.667696 0.901264
vt 0.596612 0.888032
vt 0.594507 0.890137
vt 0.553319 0.890137
vt 0.551214 0.888032
vt 0.590172 0.896854
vt 0.592326 0.894753
vt 0.628643 0.894766
vt 0.630729 0.896872
vt 0.670893 0.896878
vt 0.673009 0.894772
vt 0.708955 0.894770
vt 0.711061 0.896873
vt 0.630729 0.896872
vt 0.632852 0.894766
vt 0.668797 0.894772
vt 0.670893 0.896878
vt 0.551304 0.905728
vt 0.551313 0.901193
vt 0.594880 0.901199
vt 0.594876 0.905728
vt 0.592061 0.890339
vt 0.628835 0.890285
vt 0.628643 0.894766
vt 0.592326 0.894753
vt 0.594808 0.901560
vt 0.551250 0.901552
vt 0.551250 0.896955
vt 0.594809 0.896959
vt 0.594773 0.892641
vt 0.551214 0.892638
vt 0.551214 0.888032
vt 0.594772 0.888032
vt 0.633046 0.890279
vt 0.668802 0.890213
vt 0.668797 0.894772
vt 0.632852 0.894766
vt 0.594790 0.897034
vt 0.594790 0.901709
vt 0.551232 0.901709
vt 0.551232 0.897034
vt 0.528444 0.326968
vt 0.420020 0.320824
vt 0.419817 0.243196
vt 0.528444 0.326968
vt 0.419817 0.243196
vt 0.592860 0.271217
vt 0.590798 0.286379
vt 0.849078 0.888032
vt 0.889417 0.888034
vt 0.889419 0.898221
vt 0.849078 0.898221
vt 0.887685 0.900768
vt 0.849680 0.901772
vt 0.849078 0.898221
vt 0.889419 0.898221
vt 0.956791 0.888032
vt 0.962733 0.898221
vt 0.889419 0.898221
vt 0.889417 0.888034
vt 0.552563 0.888034
vt 0.587401 0.888032
vt 0.585298 0.890138
vt 0.554668 0.890138
vt 0.551214 0.896834
vt 0.553320 0.894730
vt 0.588114 0.894748
vt 0.590172 0.896854
vt 0.565491 0.888130
vt 0.612180 0.888032
vt 0.610080 0.890141
vt 0.567597 0.890229
vt 0.551492 0.896881
vt 0.552731 0.894721
vt 0.617862 0.894722
vt 0.620019 0.896881
vt 0.554632 0.894609
vt 0.553319 0.890137
vt 0.594507 0.890137
vt 0.590821 0.894609
vt 0.551214 0.902610
vt 0.594770 0.902610
vt 0.594770 0.908554
vt 0.551214 0.908554
vt 0.551214 0.892351
vt 0.594770 0.892351
vt 0.594770 0.898291
vt 0.551214 0.898291
vt 0.673011 0.890207
vt 0.705471 0.890141
vt 0.708955 0.894770
vt 0.673009 0.894772
vt 0.594770 0.892717
vt 0.551214 0.892717
vt 0.551214 0.888032
vt 0.594770 0.888034
vt 0.594770 0.888032
vt 0.594770 0.893500
vt 0.551214 0.893500
vt 0.551214 0.888032
vt 0.556409 0.890391
vt 0.587849 0.890345
vt 0.588114 0.894748
vt 0.553320 0.894730
vt 0.551214 0.892351
vt 0.594787 0.892361
vt 0.594787 0.896881
vt 0.551220 0.896876
vt 0.582642 0.893941
vt 0.555421 0.895305
vt 0.554668 0.890138
vt 0.585298 0.890138
vt 0.594770 0.897820
vt 0.594770 0.903175
vt 0.551214 0.903175
vt 0.551214 0.897820
vt 0.962733 0.898221
vt 0.962911 0.901246
vt 0.890003 0.901246
vt 0.889419 0.898221
vt 0.551365 0.888032
vt 0.603011 0.888032
vt 0.601788 0.890138
vt 0.552588 0.890139
vt 0.637776 0.901311
vt 0.635692 0.901308
vt 0.637771 0.899209
vt 0.595302 0.888038
vt 0.595302 0.890138
vt 0.593194 0.888032
vt 0.554900 0.888032
vt 0.557006 0.888032
vt 0.554900 0.890138
vt 0.705484 0.888032
vt 0.707588 0.888032
vt 0.707588 0.890135
vt 0.586510 0.888032
vt 0.586509 0.890190
vt 0.584350 0.888034
vt 0.554307 0.890252
vt 0.554304 0.888146
vt 0.556409 0.888145
vt 0.619340 0.888032
vt 0.619337 0.890185
vt 0.617185 0.888041
vt 0.554236 0.890192
vt 0.554234 0.888040
vt 0.556393 0.888032
vt 0.551403 0.890194
vt 0.551214 0.888050
vt 0.553411 0.888032
vt 0.551214 0.896650
vt 0.551872 0.894545
vt 0.590832 0.894514
vt 0.590694 0.896651
vt 0.551250 0.896803
vt 0.551446 0.894659
vt 0.553452 0.896824
vt 0.551541 0.888191
vt 0.591030 0.888032
vt 0.591177 0.890171
vt 0.552228 0.890294
vt 0.619989 0.894811
vt 0.619988 0.896963
vt 0.617834 0.896950
vt 0.551214 0.895993
vt 0.551322 0.893844
vt 0.553369 0.896109
vt 0.551214 0.896693
vt 0.551215 0.894589
vt 0.553320 0.896695
vt 0.587012 0.895631
vt 0.586904 0.897788
vt 0.584747 0.897681
vt 0.711060 0.896880
vt 0.708953 0.896875
vt 0.711064 0.894775
vt 0.553318 0.896716
vt 0.551214 0.896716
vt 0.551214 0.894610
vt 0.596616 0.894610
vt 0.596616 0.896710
vt 0.594509 0.896716
vt 0.636703 0.892570
vt 0.638787 0.892564
vt 0.638788 0.894662
vt 0.628835 0.890285
vt 0.630928 0.888178
vt 0.633046 0.890279
vt 0.594808 0.901560
vt 0.594788 0.905880
vt 0.551232 0.905871
vt 0.551250 0.901552
vt 0.631133 0.894649
vt 0.633220 0.896756
vt 0.629009 0.896753
vt 0.668802 0.890213
vt 0.670891 0.888104
vt 0.673011 0.890207
vt 0.594790 0.901709
vt 0.594770 0.906027
vt 0.551214 0.906027
vt 0.551232 0.901709
vt 0.591173 0.894617
vt 0.593234 0.896725
vt 0.589023 0.896722
vt 0.584744 0.893836
vt 0.584849 0.895939
vt 0.582642 0.893941
vt 0.551226 0.890184
vt 0.594788 0.890192
vt 0.594788 0.892350
vt 0.551232 0.892344
vt 0.619133 0.888032
vt 0.619135 0.890192
vt 0.616975 0.890194
vt 0.594791 0.888034
vt 0.594788 0.890192
vt 0.551226 0.890184
vt 0.551216 0.888032
vt 0.553318 0.895410
vt 0.553423 0.897512
vt 0.551214 0.895516
vt 0.551214 0.905335
vt 0.594770 0.905335
vt 0.594770 0.907495
vt 0.551214 0.907495
vt 0.553423 0.897512
vt 0.553318 0.895410
vt 0.555421 0.895305
vt 0.551214 0.903175
vt 0.594770 0.903175
vt 0.594770 0.905335
vt 0.551214 0.905335
vt 0.592926 0.894609
vt 0.592926 0.896713
vt 0.590821 0.894609
vt 0.551214 0.888032
vt 0.594769 0.888032
vt 0.594770 0.890192
vt 0.551214 0.890192
vt 0.707572 0.888032
vt 0.707576 0.890138
vt 0.705471 0.890141
vt 0.594770 0.892351
vt 0.551214 0.892351
vt 0.551214 0.890192
vt 0.594770 0.890192
vt 0.608777 0.894614
vt 0.610881 0.894609
vt 0.610886 0.896714
vt 0.979844 0.077534
vt 0.978238 0.081416
vt 0.924818 0.089168
vt 0.978238 0.081416
vt 0.980335 0.086499
vt 0.924818 0.089168
vt 0.616835 0.888055
vt 0.617083 0.892722
vt 0.560519 0.888032
vt 0.561221 0.893157
vt 0.561231 0.888184
vt 0.914902 0.888032
vt 0.914908 0.893000
vt 0.618744 0.911979
vt 0.618663 0.916766
vt 0.560730 0.916966
vt 0.601918 0.081288
vt 0.601591 0.080502
vt 0.655509 0.084804
vt 0.601335 0.082710
vt 0.601918 0.081288
vt 0.655509 0.084804
vt 0.602068 0.892827
vt 0.557848 0.892825
vt 0.557848 0.888032
vt 0.602068 0.888034
vt 0.889121 0.888062
vt 0.889298 0.892846
vt 0.787721 0.892858
vt 0.787720 0.888073
vt 0.615513 0.888040
vt 0.717029 0.888050
vt 0.717029 0.892840
vt 0.615334 0.892830
vt 0.551214 0.917341
vt 0.662579 0.921188
vt 0.662579 0.929508
vt 0.556887 0.929508
vt 0.844261 0.917341
vt 0.838590 0.929502
vt 0.732966 0.929502
vt 0.732966 0.921188
vt 0.556887 0.929508
vt 0.662579 0.929508
vt 0.662579 0.935372
vt 0.556967 0.935372
vt 0.756681 0.150265
vt 0.711801 0.133141
vt 0.711769 0.084762
vt 0.756681 0.150265
vt 0.711769 0.084762
vt 0.756582 0.017908
vt 0.756681 0.150265
vt 0.746388 0.205092
vt 0.711801 0.133141
vt 0.868586 0.137563
vt 0.827047 0.150272
vt 0.868543 0.089182
vt 0.868543 0.089182
vt 0.827047 0.150272
vt 0.827173 0.017909
vt 0.835902 0.205104
vt 0.827047 0.150272
vt 0.868586 0.137563
vt 0.835902 0.205104
vt 0.746388 0.205092
vt 0.756681 0.150265
vt 0.835902 0.205104
vt 0.756681 0.150265
vt 0.827047 0.150272
vt 0.732966 0.929502
vt 0.838590 0.929502
vt 0.838512 0.935360
vt 0.732966 0.935360
vt 0.730291 0.888059
vt 0.774471 0.888068
vt 0.774470 0.892854
vt 0.730288 0.892846
vt 0.615545 0.907729
vt 0.615497 0.902939
vt 0.723659 0.899472
vt 0.723658 0.905508
vt 0.608701 0.903134
vt 0.608701 0.899460
vt 0.723659 0.899472
vt 0.615497 0.902939
vt 0.723659 0.899472
vt 0.781097 0.899481
vt 0.781097 0.905509
vt 0.723658 0.905508
vt 0.608701 0.899460
vt 0.615334 0.892830
vt 0.717029 0.892840
vt 0.723659 0.899472
vt 0.774470 0.892854
vt 0.781097 0.899481
vt 0.723659 0.899472
vt 0.730288 0.892846
vt 0.608701 0.899460
vt 0.551214 0.899456
vt 0.557848 0.892825
vt 0.602068 0.892827
vt 0.895924 0.899471
vt 0.781097 0.899481
vt 0.787721 0.892858
vt 0.889298 0.892846
vt 0.889088 0.907729
vt 0.781097 0.905509
vt 0.781097 0.899481
vt 0.889138 0.902945
vt 0.895924 0.903139
vt 0.889138 0.902945
vt 0.781097 0.899481
vt 0.895924 0.899471
vt 0.512970 0.076336
vt 0.567067 0.076336
vt 0.567067 0.200542
vt 0.512970 0.200542
vt 0.608701 0.903134
vt 0.551214 0.903133
vt 0.551214 0.899456
vt 0.608701 0.899460
vt 0.622451 0.902380
vt 0.619061 0.911885
vt 0.560669 0.912154
vt 0.551214 0.902645
vt 0.619050 0.900501
vt 0.551214 0.902645
vt 0.556076 0.892819
vt 0.619050 0.900501
vt 0.622451 0.902380
vt 0.551214 0.902645
vt 0.618645 0.902057
vt 0.551214 0.902057
vt 0.560518 0.892701
vt 0.617083 0.892722
vt 0.618643 0.888034
vt 0.617233 0.893130
vt 0.556223 0.897690
vt 0.618643 0.888034
vt 0.556223 0.897690
vt 0.551214 0.888032
vt 0.594782 0.906230
vt 0.551214 0.906186
vt 0.551223 0.904052
vt 0.594785 0.904072
vt 0.593210 0.901138
vt 0.593234 0.896725
vt 0.629009 0.896753
vt 0.629007 0.901234
vt 0.552527 0.894609
vt 0.554632 0.894609
vt 0.552527 0.896714
vt 0.594785 0.904072
vt 0.551223 0.904052
vt 0.551229 0.901892
vt 0.594785 0.901910
vt 0.594788 0.897130
vt 0.551230 0.897111
vt 0.551226 0.894952
vt 0.594788 0.894970
vt 0.633215 0.901248
vt 0.633220 0.896756
vt 0.668981 0.896801
vt 0.668969 0.901360
vt 0.673194 0.888034
vt 0.671097 0.890138
vt 0.668982 0.888034
vt 0.594788 0.894970
vt 0.551226 0.894952
vt 0.551223 0.892816
vt 0.594790 0.892812
vt 0.631129 0.890164
vt 0.671097 0.890138
vt 0.671100 0.894700
vt 0.631133 0.894649
vt 0.591168 0.890207
vt 0.631129 0.890164
vt 0.631133 0.894649
vt 0.591173 0.894617
vt 0.630928 0.888178
vt 0.670891 0.888104
vt 0.668802 0.890213
vt 0.633046 0.890279
vt 0.631129 0.890164
vt 0.633227 0.888058
vt 0.668982 0.888034
vt 0.671097 0.890138
vt 0.551253 0.888151
vt 0.954633 0.888032
vt 0.954631 0.893964
vt 0.551253 0.893853
vt 0.631133 0.894649
vt 0.671100 0.894700
vt 0.668981 0.896801
vt 0.633220 0.896756
vt 0.589896 0.888239
vt 0.630928 0.888178
vt 0.628835 0.890285
vt 0.592061 0.890339
vt 0.591168 0.890207
vt 0.593216 0.888100
vt 0.629014 0.888062
vt 0.631129 0.890164
vt 0.591173 0.894617
vt 0.631133 0.894649
vt 0.629009 0.896753
vt 0.593234 0.896725
vt 0.551214 0.919584
vt 0.977794 0.919579
vt 0.977794 0.922177
vt 0.551214 0.922394
vt 0.551214 0.901295
vt 0.552082 0.898269
vt 0.565397 0.901291
vt 0.568805 0.900785
vt 0.574014 0.900785
vt 0.573966 0.901766
vt 0.568868 0.901727
vt 0.570510 0.329464
vt 0.590798 0.286379
vt 0.603264 0.285350
vt 0.650555 0.333887
vt 0.633227 0.888058
vt 0.631129 0.890164
vt 0.629014 0.888062
vt 0.551259 0.901180
vt 0.593842 0.901009
vt 0.593783 0.905198
vt 0.551221 0.905402
vt 0.570510 0.329464
vt 0.528444 0.326968
vt 0.590798 0.286379
vt 0.563836 0.888032
vt 0.563791 0.894377
vt 0.551218 0.894411
vt 0.551214 0.888032
vt 0.442404 0.213312
vt 0.457858 0.213303
vt 0.457866 0.217734
vt 0.437500 0.296308
vt 0.528193 0.217605
vt 0.437500 0.296308
vt 0.457866 0.217734
vt 0.528193 0.217605
vt 0.510624 0.326054
vt 0.465986 0.323686
vt 0.437500 0.296308
vt 0.044254 0.864067
vt 0.048435 0.926642
vt 0.036838 0.895338
vt 0.048900 0.488607
vt 0.037359 0.457574
vt 0.049036 0.426044
vt 0.083172 0.921221
vt 0.048435 0.926642
vt 0.044254 0.864067
vt 0.044254 0.864067
vt 0.031131 0.831180
vt 0.042672 0.799886
vt 0.084680 0.429370
vt 0.048900 0.488607
vt 0.049036 0.426044
vt 0.048900 0.488607
vt 0.061424 0.552702
vt 0.033498 0.521978
vt 0.048647 0.645695
vt 0.037001 0.707082
vt 0.037021 0.676342
vt 0.083172 0.921221
vt 0.044254 0.864067
vt 0.042672 0.799886
vt 0.044919 0.741074
vt 0.042672 0.799886
vt 0.036967 0.770320
vt 0.084680 0.429370
vt 0.061424 0.552702
vt 0.048900 0.488607
vt 0.048647 0.645695
vt 0.044919 0.741074
vt 0.037001 0.707082
vt 0.083172 0.921221
vt 0.042672 0.799886
vt 0.044919 0.741074
vt 0.048647 0.645695
vt 0.083172 0.921221
vt 0.044919 0.741074
vt 0.061424 0.552702
vt 0.083172 0.921221
vt 0.048647 0.645695
vt 0.061424 0.552702
vt 0.048647 0.645695
vt 0.048649 0.615032
vt 0.048649 0.615032
vt 0.037051 0.583114
vt 0.061424 0.552702
vt 0.608001 0.361580
vt 0.572957 0.358580
vt 0.574468 0.353788
vt 0.609574 0.356742
vt 0.572957 0.358580
vt 0.540000 0.356579
vt 0.541795 0.351763
vt 0.574468 0.353788
vt 0.292451 0.361215
vt 0.292652 0.356662
vt 0.322655 0.355142
vt 0.322430 0.359725
vt 0.350695 0.359258
vt 0.322430 0.359725
vt 0.322655 0.355142
vt 0.351054 0.354652
vt 0.350695 0.359258
vt 0.351054 0.354652
vt 0.376861 0.354457
vt 0.376212 0.359086
vt 0.562233 0.888032
vt 0.972164 0.888053
vt 0.972167 0.893911
vt 0.562187 0.893892
vt 0.556871 0.893893
vt 0.557003 0.888032
vt 0.837938 0.888035
vt 0.837949 0.893893
vt 0.888822 0.893633
vt 0.554452 0.893127
vt 0.553999 0.888032
vt 0.888755 0.888535
vt 0.292451 0.361215
vt 0.265200 0.361047
vt 0.265270 0.356516
vt 0.292652 0.356662
vt 0.639129 0.361430
vt 0.608001 0.361580
vt 0.609574 0.356742
vt 0.640837 0.356564
vt 0.401889 0.358711
vt 0.376212 0.359086
vt 0.376861 0.354457
vt 0.402565 0.354059
vt 0.401889 0.358711
vt 0.402565 0.354059
vt 0.431790 0.353407
vt 0.431453 0.358077
vt 0.236913 0.362268
vt 0.236885 0.357762
vt 0.265270 0.356516
vt 0.265200 0.361047
vt 0.639129 0.361430
vt 0.640837 0.356564
vt 0.669197 0.357354
vt 0.667162 0.362269
vt 0.695640 0.361706
vt 0.667162 0.362269
vt 0.669197 0.357354
vt 0.697583 0.356775
vt 0.431453 0.358077
vt 0.431790 0.353407
vt 0.458410 0.352737
vt 0.457492 0.357445
vt 0.485262 0.357146
vt 0.457492 0.357445
vt 0.458410 0.352737
vt 0.486801 0.352390
vt 0.511229 0.356377
vt 0.513417 0.351576
vt 0.541795 0.351763
vt 0.540000 0.356579
vt 0.485262 0.357146
vt 0.486801 0.352390
vt 0.513417 0.351576
vt 0.511229 0.356377
vt 0.607049 0.367212
vt 0.607001 0.362406
vt 0.636314 0.361962
vt 0.636652 0.366789
vt 0.607049 0.367212
vt 0.579257 0.367345
vt 0.579336 0.362563
vt 0.607001 0.362406
vt 0.552360 0.367753
vt 0.552319 0.362999
vt 0.579336 0.362563
vt 0.579257 0.367345
vt 0.552360 0.367753
vt 0.524056 0.367583
vt 0.524568 0.362847
vt 0.552319 0.362999
vt 0.496759 0.368235
vt 0.496719 0.363525
vt 0.524568 0.362847
vt 0.524056 0.367583
vt 0.440892 0.368763
vt 0.411716 0.369110
vt 0.413086 0.364447
vt 0.440842 0.364097
vt 0.440892 0.368763
vt 0.440842 0.364097
vt 0.468586 0.363767
vt 0.467650 0.368467
vt 0.262891 0.366577
vt 0.265286 0.361962
vt 0.297467 0.363816
vt 0.295239 0.368420
vt 0.327081 0.369868
vt 0.295239 0.368420
vt 0.297467 0.363816
vt 0.329097 0.365251
vt 0.206215 0.367845
vt 0.178000 0.368458
vt 0.181053 0.363885
vt 0.209045 0.363254
vt 0.206215 0.367845
vt 0.209045 0.363254
vt 0.237031 0.362624
vt 0.234416 0.367223
vt 0.496759 0.368235
vt 0.467650 0.368467
vt 0.468586 0.363767
vt 0.496719 0.363525
vt 0.355507 0.369575
vt 0.357302 0.364941
vt 0.385248 0.364817
vt 0.383908 0.369461
vt 0.355507 0.369575
vt 0.327081 0.369868
vt 0.329097 0.365251
vt 0.357302 0.364941
vt 0.262891 0.366577
vt 0.234416 0.367223
vt 0.237031 0.362624
vt 0.265286 0.361962
vt 0.383908 0.369461
vt 0.385248 0.364817
vt 0.413086 0.364447
vt 0.411716 0.369110
vt 0.152652 0.364132
vt 0.159002 0.365102
vt 0.126359 0.861024
vt 0.121153 0.850610
vt 0.888822 0.893633
vt 0.554703 0.900580
vt 0.555445 0.894384
vt 0.888822 0.893633
vt 0.555445 0.894384
vt 0.554452 0.893127
vt 0.894075 0.896590
vt 0.893739 0.903308
vt 0.888822 0.893633
vt 0.888822 0.893633
vt 0.893739 0.903308
vt 0.554703 0.900580
vt 0.554703 0.900580
vt 0.893739 0.903308
vt 0.551214 0.903308
vt 0.509997 0.950959
vt 0.545416 0.945773
vt 0.052140 0.912946
vt 0.051748 0.918796
vt 0.483385 0.943996
vt 0.489782 0.945142
vt 0.046128 0.924799
vt 0.479619 0.938724
vt 0.483385 0.943996
vt 0.046128 0.924799
vt 0.479619 0.938724
vt 0.046128 0.924799
vt 0.046411 0.918947
vt 0.113115 0.896555
vt 0.513824 0.933569
vt 0.513923 0.966532
vt 0.112816 0.923456
vt 0.112816 0.923456
vt 0.513923 0.966532
vt 0.070931 0.924683
vt 0.097002 0.922785
vt 0.565258 0.895909
vt 0.941817 0.895773
vt 0.931486 0.899181
vt 0.568500 0.898985
vt 0.075751 0.942016
vt 0.531696 0.984170
vt 0.531129 0.990001
vt 0.041028 0.947349
vt 0.693466 0.358576
vt 0.740096 0.853020
vt 0.735284 0.863824
vt 0.688130 0.359038
vt 0.188117 0.357112
vt 0.194114 0.359134
vt 0.125614 0.863833
vt 0.121153 0.852618
vt 0.682614 0.353452
vt 0.738759 0.849861
vt 0.734054 0.861014
vt 0.676844 0.354089
vt 0.574669 0.893892
vt 0.574675 0.888032
vt 0.960800 0.888268
vt 0.960797 0.894128
vt 0.573798 0.929000
vt 0.959929 0.929415
vt 0.959921 0.935276
vt 0.573792 0.934863
vt 0.820890 0.928745
vt 0.820912 0.934605
vt 0.574768 0.935551
vt 0.574746 0.929691
vt 0.432958 0.080259
vt 0.015773 0.080259
vt 0.019086 0.010120
vt 0.429375 0.010120
vt 0.617083 0.892722
vt 0.560518 0.892701
vt 0.560519 0.888032
vt 0.972982 0.929661
vt 0.972982 0.935521
vt 0.562332 0.935478
vt 0.562332 0.929616
vt 0.551214 0.888032
vt 0.889443 0.888044
vt 0.889480 0.893138
vt 0.551535 0.893129
vt 0.556172 0.888032
vt 0.621223 0.888034
vt 0.621253 0.892821
vt 0.556133 0.892819
vt 0.553994 0.903308
vt 0.554288 0.898213
vt 0.888546 0.897657
vt 0.888519 0.902756
vt 0.617367 0.888032
vt 0.617407 0.892819
vt 0.555365 0.892822
vt 0.555418 0.888032
vt 0.055587 0.918017
vt 0.056816 0.943443
vt 0.440730 0.963349
vt 0.440091 0.944651
vt 0.055587 0.918017
vt 0.440091 0.944651
vt 0.455327 0.944720
vt 0.478137 0.920844
vt 0.618744 0.911979
vt 0.560730 0.916966
vt 0.560713 0.912179
vt 0.551214 0.894306
vt 0.561221 0.893157
vt 0.914908 0.893000
vt 0.924870 0.894306
vt 0.621253 0.892821
vt 0.618878 0.897069
vt 0.556133 0.892819
vt 0.015773 0.080259
vt 0.019086 0.010120
vt 0.429375 0.010120
vt 0.433103 0.080259
vt 0.889696 0.898221
vt 0.889618 0.903316
vt 0.551214 0.903316
vt 0.551678 0.898222
vt 0.617233 0.893130
vt 0.619632 0.897364
vt 0.556223 0.897690
vt 0.977794 0.888855
vt 0.977794 0.895057
vt 0.955369 0.895057
vt 0.955595 0.889010
vt 0.551214 0.888032
vt 0.567878 0.888194
vt 0.568139 0.894514
vt 0.551214 0.894514
vt 0.551214 0.894514
vt 0.568139 0.894514
vt 0.568688 0.899540
vt 0.551214 0.900785
vt 0.551214 0.919584
vt 0.551214 0.913329
vt 0.977794 0.913320
vt 0.977794 0.919579
vt 0.551214 0.898041
vt 0.551214 0.892178
vt 0.555360 0.888032
vt 0.552932 0.899759
vt 0.561222 0.888032
vt 0.565366 0.892178
vt 0.565258 0.898149
vt 0.555360 0.888032
vt 0.561222 0.888032
vt 0.552932 0.899759
vt 0.551214 0.898041
vt 0.977794 0.913320
vt 0.954322 0.912980
vt 0.954478 0.907234
vt 0.977794 0.907234
vt 0.551214 0.913329
vt 0.569380 0.912856
vt 0.954322 0.912980
vt 0.977794 0.913320
vt 0.551214 0.913329
vt 0.551214 0.907056
vt 0.569192 0.907056
vt 0.569380 0.912856
vt 0.551214 0.900785
vt 0.568868 0.901727
vt 0.569192 0.907056
vt 0.551214 0.907056
vt 0.954478 0.907234
vt 0.954729 0.902186
vt 0.977794 0.901144
vt 0.977794 0.907234
vt 0.954885 0.900046
vt 0.955369 0.895057
vt 0.977794 0.895057
vt 0.977794 0.901144
vt 0.930395 0.018190
vt 0.847695 0.084938
vt 0.733787 0.085078
vt 0.930395 0.018190
vt 0.903966 0.085024
vt 0.847695 0.084938
vt 0.733787 0.085078
vt 0.649499 0.017908
vt 0.930395 0.018190
vt 0.733787 0.085078
vt 0.677473 0.084999
vt 0.649499 0.017908
vt 0.847565 0.133323
vt 0.733662 0.133485
vt 0.733787 0.085078
vt 0.847565 0.133323
vt 0.733787 0.085078
vt 0.847695 0.084938
vt 0.677473 0.084999
vt 0.603419 0.081376
vt 0.601989 0.077599
vt 0.677473 0.084999
vt 0.601989 0.077599
vt 0.649499 0.017908
vt 0.817293 0.256428
vt 0.847565 0.133323
vt 0.903826 0.133405
vt 0.817293 0.256428
vt 0.733662 0.133485
vt 0.847565 0.133323
vt 0.677473 0.084999
vt 0.601335 0.086404
vt 0.603419 0.081376
vt 0.903826 0.133405
vt 0.817219 0.304806
vt 0.817293 0.256428
vt 0.817293 0.256428
vt 0.761044 0.256390
vt 0.733662 0.133485
vt 0.733662 0.133485
vt 0.761044 0.256390
vt 0.677378 0.133429
vt 0.677378 0.133429
vt 0.761044 0.256390
vt 0.601335 0.086404
vt 0.677378 0.133429
vt 0.601335 0.086404
vt 0.677473 0.084999
vt 0.789922 0.422100
vt 0.817219 0.304806
vt 0.980069 0.082410
vt 0.817219 0.304806
vt 0.903826 0.133405
vt 0.980069 0.082410
vt 0.817219 0.304806
vt 0.789922 0.422100
vt 0.760978 0.304775
vt 0.760978 0.304775
vt 0.789922 0.422100
vt 0.601335 0.086404
vt 0.761044 0.256390
vt 0.760978 0.304775
vt 0.601335 0.086404
vt 0.551214 0.889889
vt 0.555360 0.899899
vt 0.551214 0.895754
vt 0.551214 0.889889
vt 0.553075 0.888032
vt 0.561221 0.899899
vt 0.555360 0.899899
vt 0.553075 0.888032
vt 0.565174 0.889699
vt 0.565368 0.895754
vt 0.561221 0.899899
vt 0.556433 0.894730
vt 0.555365 0.892822
vt 0.617407 0.892819
vt 0.554841 0.900376
vt 0.556433 0.894730
vt 0.617407 0.892819
vt 0.479619 0.938724
vt 0.046411 0.918947
vt 0.077150 0.889818
vt 0.086371 0.889612
vt 0.479619 0.938724
vt 0.086371 0.889612
vt 0.086149 0.883094
vt 0.479029 0.912964
vt 0.558197 0.895960
vt 0.565258 0.895909
vt 0.568500 0.898985
vt 0.618571 0.892821
vt 0.617442 0.894859
vt 0.556076 0.892819
vt 0.617442 0.894859
vt 0.619050 0.900501
vt 0.556076 0.892819
vt 0.618571 0.892821
vt 0.556076 0.892819
vt 0.556177 0.888032
vt 0.618526 0.888032
vt 0.556731 0.925059
vt 0.556884 0.929486
vt 0.551214 0.929396
vt 0.551220 0.925052
vt 0.556935 0.918818
vt 0.556731 0.925059
vt 0.551220 0.925052
vt 0.551232 0.918809
vt 0.551248 0.900091
vt 0.551253 0.893853
vt 0.558197 0.895960
vt 0.558332 0.900097
vt 0.565258 0.895909
vt 0.558197 0.895960
vt 0.551253 0.893853
vt 0.565258 0.895909
vt 0.551253 0.893853
vt 0.954631 0.893964
vt 0.941817 0.895773
vt 0.941699 0.900171
vt 0.941817 0.895773
vt 0.954631 0.893964
vt 0.954628 0.900174
vt 0.941943 0.906379
vt 0.954626 0.906382
vt 0.954625 0.912591
vt 0.942019 0.908691
vt 0.954623 0.918798
vt 0.954618 0.925007
vt 0.942996 0.925004
vt 0.942832 0.918792
vt 0.562304 0.888909
vt 0.565369 0.891977
vt 0.565369 0.897839
vt 0.555358 0.901983
vt 0.551214 0.897839
vt 0.551214 0.891977
vt 0.555158 0.888032
vt 0.562304 0.888909
vt 0.565369 0.897839
vt 0.561221 0.901983
vt 0.551214 0.891977
vt 0.555158 0.888032
vt 0.561221 0.901983
vt 0.555358 0.901983
vt 0.942625 0.917101
vt 0.954625 0.912591
vt 0.954623 0.918798
vt 0.942832 0.918792
vt 0.941943 0.906379
vt 0.941699 0.900171
vt 0.954628 0.900174
vt 0.954626 0.906382
vt 0.954618 0.925007
vt 0.954618 0.929597
vt 0.942862 0.929271
vt 0.942996 0.925004
vt 0.555358 0.888032
vt 0.551214 0.898039
vt 0.551214 0.892178
vt 0.555358 0.888032
vt 0.561222 0.888032
vt 0.555002 0.901827
vt 0.551214 0.898039
vt 0.565367 0.892178
vt 0.565367 0.898039
vt 0.562482 0.900926
vt 0.555002 0.901827
vt 0.561222 0.888032
vt 0.565367 0.892178
vt 0.562482 0.900926
vt 0.551238 0.912571
vt 0.557158 0.917227
vt 0.556935 0.918818
vt 0.551232 0.918809
vt 0.551245 0.906332
vt 0.558069 0.906335
vt 0.557912 0.908814
vt 0.551238 0.912571
vt 0.551245 0.906332
vt 0.551248 0.900091
vt 0.558332 0.900097
vt 0.558069 0.906335
vt 0.655509 0.084804
vt 0.601591 0.080502
vt 0.650949 0.017989
vt 0.655509 0.084804
vt 0.655548 0.133175
vt 0.601335 0.082710
vt 0.979844 0.077534
vt 0.924818 0.089168
vt 0.932814 0.018013
vt 0.791818 0.422022
vt 0.747012 0.330063
vt 0.836042 0.330081
vt 0.747012 0.330063
vt 0.791818 0.422022
vt 0.601335 0.082710
vt 0.655548 0.133175
vt 0.747012 0.330063
vt 0.601335 0.082710
vt 0.711769 0.084762
vt 0.655509 0.084804
vt 0.650949 0.017989
vt 0.711769 0.084762
vt 0.650949 0.017989
vt 0.756582 0.017908
vt 0.924854 0.137545
vt 0.924818 0.089168
vt 0.980335 0.086499
vt 0.655548 0.133175
vt 0.746388 0.205092
vt 0.747012 0.330063
vt 0.924818 0.089168
vt 0.868543 0.089182
vt 0.932814 0.018013
vt 0.868543 0.089182
vt 0.827173 0.017909
vt 0.932814 0.018013
vt 0.791818 0.422022
vt 0.836042 0.330081
vt 0.980335 0.086499
vt 0.836042 0.330081
vt 0.924854 0.137545
vt 0.980335 0.086499
vt 0.903966 0.085024
vt 0.930395 0.018190
vt 0.979496 0.081013
vt 0.836042 0.330081
vt 0.835902 0.205104
vt 0.924854 0.137545
vt 0.903826 0.133405
vt 0.903966 0.085024
vt 0.979496 0.081013
vt 0.746388 0.205092
vt 0.655548 0.133175
vt 0.711801 0.133141
vt 0.979496 0.081013
vt 0.980069 0.082410
vt 0.903826 0.133405
vt 0.573798 0.929000
vt 0.551214 0.906099
vt 0.983393 0.905994
vt 0.959929 0.929415
vt 0.835902 0.205104
vt 0.868586 0.137563
vt 0.924854 0.137545
vt 0.551214 0.906099
vt 0.562187 0.893892
vt 0.972167 0.893911
vt 0.983393 0.905994
vt 0.551214 0.917329
vt 0.574669 0.893892
vt 0.960797 0.894128
vt 0.984227 0.917588
vt 0.551214 0.917329
vt 0.984227 0.917588
vt 0.972982 0.929661
vt 0.562332 0.929616
vt 0.612827 0.912177
vt 0.554799 0.911985
vt 0.551214 0.902400
vt 0.622325 0.902619
vt 0.551214 0.917341
vt 0.574656 0.893893
vt 0.820817 0.893890
vt 0.844261 0.917341
vt 0.560713 0.912179
vt 0.551214 0.902621
vt 0.620383 0.902397
vt 0.618744 0.911979
vt 0.551214 0.902621
vt 0.556133 0.892819
vt 0.618878 0.897069
vt 0.620383 0.902397
vt 0.622325 0.902619
vt 0.551214 0.902400
vt 0.554841 0.900376
vt 0.617407 0.892819
vt 0.551214 0.917341
vt 0.844261 0.917341
vt 0.732966 0.921188
vt 0.662579 0.921188
vt 0.551214 0.906329
vt 0.843667 0.906035
vt 0.820890 0.928745
vt 0.574746 0.929691
vt 0.551214 0.906329
vt 0.556871 0.893893
vt 0.837949 0.893893
vt 0.843667 0.906035
vt 0.518473 0.028194
vt 0.558853 0.028194
vt 0.558853 0.060362
vt 0.518473 0.060362
vt 0.688502 0.905991
vt 0.688954 0.901224
vt 0.715216 0.902255
vt 0.714761 0.907022
vt 0.643264 0.900884
vt 0.675952 0.900952
vt 0.675942 0.905739
vt 0.643254 0.905671
vt 0.682606 0.888130
vt 0.722101 0.889382
vt 0.722088 0.895881
vt 0.682596 0.894338
vt 0.636651 0.894242
vt 0.682596 0.894338
vt 0.675952 0.900952
vt 0.643264 0.900884
vt 0.682596 0.894338
vt 0.722088 0.895881
vt 0.715216 0.902255
vt 0.688954 0.901224
vt 0.630701 0.905874
vt 0.604439 0.906786
vt 0.604005 0.902018
vt 0.630268 0.901106
vt 0.636651 0.894242
vt 0.630268 0.901106
vt 0.604005 0.902018
vt 0.597156 0.895619
vt 0.590500 0.907022
vt 0.557815 0.906948
vt 0.557827 0.902162
vt 0.590510 0.902233
vt 0.597156 0.895619
vt 0.551214 0.895519
vt 0.551229 0.889021
vt 0.597169 0.889118
vt 0.590510 0.902233
vt 0.557827 0.902162
vt 0.551214 0.895519
vt 0.597156 0.895619
vt 0.636663 0.888032
vt 0.682606 0.888130
vt 0.682596 0.894338
vt 0.636651 0.894242
vt 0.636663 0.888032
vt 0.636651 0.894242
vt 0.597156 0.895619
vt 0.597169 0.889118
vt 0.422529 0.093995
vt 0.496557 0.093995
vt 0.496557 0.201731
vt 0.422529 0.201731
vt 0.827132 0.890787
vt 0.886066 0.889450
vt 0.886171 0.894114
vt 0.827239 0.895451
vt 0.820925 0.902059
vt 0.892777 0.900426
vt 0.892478 0.907128
vt 0.821562 0.908744
vt 0.886171 0.894114
vt 0.892777 0.900426
vt 0.820925 0.902059
vt 0.827239 0.895451
vt 0.728795 0.889597
vt 0.814582 0.890836
vt 0.814558 0.895503
vt 0.728771 0.894264
vt 0.722019 0.909441
vt 0.722217 0.900633
vt 0.820925 0.902059
vt 0.821562 0.908744
vt 0.722217 0.900633
vt 0.728771 0.894264
vt 0.814558 0.895503
vt 0.820925 0.902059
vt 0.715902 0.894027
vt 0.656956 0.892697
vt 0.657060 0.888032
vt 0.716006 0.889360
vt 0.650348 0.899014
vt 0.656956 0.892697
vt 0.715902 0.894027
vt 0.722217 0.900633
vt 0.643512 0.888133
vt 0.643647 0.892799
vt 0.557904 0.896046
vt 0.557772 0.891379
vt 0.650348 0.899014
vt 0.551691 0.902746
vt 0.557904 0.896046
vt 0.643647 0.892799
vt 0.650754 0.907834
vt 0.551214 0.909441
vt 0.551691 0.902746
vt 0.650348 0.899014
vt 0.722019 0.909441
vt 0.650754 0.907834
vt 0.650348 0.899014
vt 0.722217 0.900633
vt 0.518473 0.028194
vt 0.558853 0.028194
vt 0.558853 0.060361
vt 0.518473 0.060361
vt 0.583969 0.889040
vt 0.583526 0.893686
vt 0.557928 0.892678
vt 0.558371 0.888032
vt 0.628081 0.889351
vt 0.628071 0.894019
vt 0.596202 0.893950
vt 0.596212 0.889283
vt 0.634521 0.900493
vt 0.589728 0.900399
vt 0.596202 0.893950
vt 0.628071 0.894019
vt 0.589728 0.900399
vt 0.551227 0.898891
vt 0.557928 0.892678
vt 0.583526 0.893686
vt 0.640322 0.889154
vt 0.665922 0.888265
vt 0.666345 0.892914
vt 0.640744 0.893802
vt 0.634506 0.907633
vt 0.634521 0.900493
vt 0.673023 0.899149
vt 0.673008 0.906570
vt 0.634521 0.900493
vt 0.640744 0.893802
vt 0.666345 0.892914
vt 0.673023 0.899149
vt 0.679510 0.888032
vt 0.711379 0.888104
vt 0.711369 0.892770
vt 0.679500 0.892701
vt 0.673008 0.906570
vt 0.673023 0.899149
vt 0.717817 0.899247
vt 0.717804 0.905727
vt 0.679500 0.892701
vt 0.711369 0.892770
vt 0.717817 0.899247
vt 0.673023 0.899149
vt 0.589714 0.906597
vt 0.551214 0.905372
vt 0.551227 0.898891
vt 0.589728 0.900399
vt 0.634506 0.907633
vt 0.589714 0.906597
vt 0.589728 0.900399
vt 0.634521 0.900493
vt 0.020801 0.978665
vt 0.021328 0.927203
vt 0.029845 0.923353
vt 0.029300 0.982798
vt 0.815801 0.777666
vt 0.752305 0.777002
vt 0.809990 0.680958
vt 0.870880 0.836637
vt 0.815801 0.777666
vt 0.839437 0.768840
vt 0.839437 0.768840
vt 0.895528 0.764744
vt 0.918501 0.771494
vt 0.870880 0.836637
vt 0.815801 0.777666
vt 0.809990 0.680958
vt 0.837378 0.720621
vt 0.839437 0.768840
vt 0.893474 0.716523
vt 0.913063 0.680958
vt 0.918501 0.771494
vt 0.895528 0.764744
vt 0.809990 0.680958
vt 0.913063 0.680958
vt 0.893474 0.716523
vt 0.837378 0.720621
vt 0.918501 0.771494
vt 0.913063 0.680958
vt 0.977441 0.763757
vt 0.187550 0.681506
vt 0.188147 0.677269
vt 0.196423 0.677858
vt 0.196400 0.682148
vt 0.277002 0.681511
vt 0.268145 0.682071
vt 0.268163 0.677779
vt 0.276443 0.677269
vt 0.196423 0.677858
vt 0.247862 0.677859
vt 0.247876 0.682151
vt 0.196400 0.682148
vt 0.268145 0.682071
vt 0.210472 0.681542
vt 0.212246 0.677269
vt 0.268163 0.677779
vt 0.110936 0.982538
vt 0.102458 0.986302
vt 0.101432 0.922814
vt 0.109976 0.926605
vt 0.027548 0.981562
vt 0.028092 0.937712
vt 0.037214 0.933617
vt 0.036628 0.985012
vt 0.885210 0.764144
vt 0.890544 0.716091
vt 0.916319 0.683866
vt 0.906533 0.770319
vt 0.829282 0.757917
vt 0.885210 0.764144
vt 0.906533 0.770319
vt 0.844433 0.830280
vt 0.844433 0.830280
vt 0.797313 0.757951
vt 0.829282 0.757917
vt 0.806031 0.680958
vt 0.916319 0.683866
vt 0.890544 0.716091
vt 0.834622 0.709863
vt 0.797313 0.757951
vt 0.806031 0.680958
vt 0.834622 0.709863
vt 0.829282 0.757917
vt 0.797313 0.757951
vt 0.752305 0.749598
vt 0.806031 0.680958
vt 0.906533 0.770319
vt 0.916319 0.683866
vt 0.957888 0.772472
vt 0.181579 0.685249
vt 0.181869 0.680679
vt 0.190731 0.680630
vt 0.191058 0.685207
vt 0.269188 0.684766
vt 0.259712 0.684724
vt 0.260038 0.680148
vt 0.268902 0.680196
vt 0.191058 0.685207
vt 0.190731 0.680630
vt 0.234435 0.677269
vt 0.236487 0.681710
vt 0.260038 0.680148
vt 0.259712 0.684724
vt 0.221048 0.681750
vt 0.222571 0.677269
vt 0.518473 0.060359
vt 0.518473 0.028194
vt 0.558853 0.028194
vt 0.558853 0.060359
vt 0.557512 0.900166
vt 0.583761 0.901441
vt 0.583263 0.906203
vt 0.557013 0.904928
vt 0.715381 0.901682
vt 0.715328 0.906469
vt 0.682645 0.906107
vt 0.682699 0.901320
vt 0.551214 0.893217
vt 0.551274 0.888032
vt 0.590764 0.888964
vt 0.590695 0.895130
vt 0.722080 0.895128
vt 0.676144 0.894620
vt 0.676219 0.888032
vt 0.722139 0.889943
vt 0.676144 0.894620
vt 0.722080 0.895128
vt 0.715381 0.901682
vt 0.682699 0.901320
vt 0.583761 0.901441
vt 0.557512 0.900166
vt 0.551214 0.893217
vt 0.590695 0.895130
vt 0.669700 0.901425
vt 0.670092 0.906197
vt 0.643825 0.906876
vt 0.643434 0.902102
vt 0.636640 0.895645
vt 0.676144 0.894620
vt 0.669700 0.901425
vt 0.643434 0.902102
vt 0.597249 0.901832
vt 0.629938 0.902199
vt 0.629884 0.906987
vt 0.597196 0.906621
vt 0.636640 0.895645
vt 0.629938 0.902199
vt 0.597249 0.901832
vt 0.590695 0.895130
vt 0.676144 0.894620
vt 0.636640 0.895645
vt 0.636726 0.888076
vt 0.676219 0.888032
vt 0.590695 0.895130
vt 0.590764 0.888964
vt 0.636726 0.888076
vt 0.636640 0.895645
vt 0.481299 0.292705
vt 0.481300 0.282868
vt 0.485826 0.282868
vt 0.485819 0.292706
vt 0.551214 0.888035
vt 0.558138 0.888032
vt 0.558138 0.891726
vt 0.551214 0.891727
vt 0.559010 0.304944
vt 0.558994 0.277690
vt 0.563488 0.277682
vt 0.563508 0.304937
vt 0.551214 0.891703
vt 0.551214 0.888032
vt 0.559250 0.888032
vt 0.559250 0.891705
vt 0.485826 0.282868
vt 0.481300 0.282868
vt 0.481293 0.262736
vt 0.485812 0.262739
vt 0.495675 0.304985
vt 0.491151 0.304980
vt 0.491143 0.282858
vt 0.495665 0.282862
vt 0.477336 0.262744
vt 0.472815 0.262743
vt 0.472801 0.235485
vt 0.477321 0.235490
vt 0.549155 0.277696
vt 0.549147 0.262699
vt 0.553640 0.262690
vt 0.553654 0.277688
vt 0.559123 0.262694
vt 0.559108 0.235437
vt 0.563592 0.235430
vt 0.563614 0.262684
vt 0.559106 0.230955
vt 0.559108 0.235437
vt 0.477321 0.235490
vt 0.477315 0.230971
vt 0.563614 0.262684
vt 0.563638 0.272662
vt 0.559142 0.272673
vt 0.559123 0.262694
vt 0.559015 0.309444
vt 0.495677 0.309506
vt 0.495675 0.304985
vt 0.559010 0.304944
vt 0.552314 0.256103
vt 0.552297 0.258944
vt 0.526879 0.259426
vt 0.526900 0.255942
vt 0.563619 0.279082
vt 0.560759 0.279079
vt 0.560772 0.270601
vt 0.563638 0.270606
vt 0.450905 0.279622
vt 0.450909 0.306876
vt 0.448278 0.306882
vt 0.448305 0.279623
vt 0.448278 0.257171
vt 0.451794 0.257167
vt 0.450905 0.279622
vt 0.448305 0.279623
vt 0.463556 0.237271
vt 0.463542 0.264525
vt 0.460039 0.264527
vt 0.460086 0.237274
vt 0.526891 0.233848
vt 0.526891 0.237304
vt 0.463556 0.237271
vt 0.463558 0.233800
vt 0.473381 0.264531
vt 0.473372 0.279527
vt 0.469860 0.279528
vt 0.469882 0.264535
vt 0.460048 0.274367
vt 0.460039 0.264527
vt 0.463542 0.264525
vt 0.463550 0.274364
vt 0.526891 0.237304
vt 0.530349 0.237309
vt 0.530361 0.259430
vt 0.526879 0.259426
vt 0.560750 0.309225
vt 0.450917 0.309506
vt 0.450909 0.306876
vt 0.560742 0.306334
vt 0.552297 0.258944
vt 0.555141 0.258950
vt 0.555147 0.279079
vt 0.552282 0.279075
vt 0.560759 0.279079
vt 0.563619 0.279082
vt 0.563635 0.306340
vt 0.560742 0.306334
vt 0.528274 0.953546
vt 0.087615 0.912946
vt 0.526057 0.956121
vt 0.540830 0.960630
vt 0.526057 0.956121
vt 0.087615 0.912946
vt 0.051748 0.915140
vt 0.540830 0.960630
vt 0.528474 0.956204
vt 0.526057 0.956121
vt 0.540830 0.960630
vt 0.541545 0.954772
vt 0.528274 0.953546
vt 0.528474 0.956204
vt 0.711339 0.894075
vt 0.679491 0.894093
vt 0.679491 0.890428
vt 0.711336 0.890521
vt 0.673038 0.900557
vt 0.673041 0.904318
vt 0.633390 0.903908
vt 0.633384 0.899158
vt 0.717801 0.900530
vt 0.673038 0.900557
vt 0.679491 0.894093
vt 0.711339 0.894075
vt 0.666821 0.893862
vt 0.673038 0.900557
vt 0.633384 0.899158
vt 0.641229 0.892926
vt 0.557417 0.893988
vt 0.557081 0.890448
vt 0.582590 0.888354
vt 0.583030 0.893003
vt 0.551214 0.900708
vt 0.557417 0.893988
vt 0.583030 0.893003
vt 0.588573 0.899221
vt 0.595029 0.892746
vt 0.595021 0.888076
vt 0.626905 0.888032
vt 0.626911 0.892702
vt 0.588573 0.899221
vt 0.633384 0.899158
vt 0.633390 0.903908
vt 0.588582 0.903815
vt 0.588573 0.899221
vt 0.595029 0.892746
vt 0.626911 0.892702
vt 0.633384 0.899158
vt 0.717801 0.900530
vt 0.717802 0.904135
vt 0.673041 0.904318
vt 0.673038 0.900557
vt 0.551214 0.900708
vt 0.588573 0.899221
vt 0.588582 0.903815
vt 0.551221 0.904319
vt 0.562697 0.888032
vt 0.556911 0.898054
vt 0.556911 0.890305
vt 0.524522 0.973410
vt 0.530778 0.969419
vt 0.538909 0.975129
vt 0.524522 0.973410
vt 0.538909 0.975129
vt 0.070354 0.930675
vt 0.517277 0.971764
vt 0.524522 0.973410
vt 0.070354 0.930675
vt 0.070931 0.924683
vt 0.513923 0.966532
vt 0.517277 0.971764
vt 0.070354 0.930675
vt 0.894550 0.895984
vt 0.894263 0.902753
vt 0.889480 0.893138
vt 0.889480 0.893138
vt 0.894263 0.902753
vt 0.554012 0.903316
vt 0.889480 0.893138
vt 0.554012 0.903316
vt 0.554720 0.897157
vt 0.554720 0.897157
vt 0.551535 0.893129
vt 0.889480 0.893138
vt 0.554598 0.890680
vt 0.888546 0.897657
vt 0.555344 0.896875
vt 0.555344 0.896875
vt 0.888546 0.897657
vt 0.554288 0.898213
vt 0.893315 0.888035
vt 0.893611 0.894806
vt 0.888546 0.897657
vt 0.893315 0.888035
vt 0.888546 0.897657
vt 0.554598 0.890680
vt 0.893315 0.888035
vt 0.554598 0.890680
vt 0.551214 0.888032
vt 0.556911 0.898054
vt 0.551214 0.888055
vt 0.556911 0.890305
vt 0.539998 0.959052
vt 0.527571 0.955082
vt 0.527445 0.952273
vt 0.540647 0.953194
vt 0.527571 0.955082
vt 0.539998 0.959052
vt 0.525806 0.955085
vt 0.539998 0.959052
vt 0.048435 0.926642
vt 0.083172 0.921221
vt 0.525806 0.955085
vt 0.083172 0.921221
vt 0.526612 0.952213
vt 0.525806 0.955085
vt 0.090445 0.912946
vt 0.090846 0.926538
vt 0.485616 0.958874
vt 0.483764 0.927327
vt 0.052166 0.927678
vt 0.485616 0.958874
vt 0.090846 0.926538
vt 0.082031 0.926597
vt 0.551678 0.898222
vt 0.554796 0.894278
vt 0.889696 0.898221
vt 0.894625 0.888555
vt 0.889696 0.898221
vt 0.554044 0.888032
vt 0.554044 0.888032
vt 0.889696 0.898221
vt 0.554796 0.894278
vt 0.894625 0.888555
vt 0.894951 0.895271
vt 0.889696 0.898221
vt 0.510087 0.966515
vt 0.502067 0.961224
vt 0.496090 0.965225
vt 0.510087 0.966515
vt 0.496090 0.965225
vt 0.051748 0.933525
vt 0.496090 0.965225
vt 0.488991 0.963831
vt 0.051748 0.933525
vt 0.052166 0.927678
vt 0.051748 0.933525
vt 0.488991 0.963831
vt 0.485616 0.958874
vt 0.575661 0.905182
vt 0.575665 0.910900
vt 0.551396 0.911342
vt 0.551214 0.905182
vt 0.551394 0.899023
vt 0.575665 0.899466
vt 0.575661 0.905182
vt 0.551214 0.905182
vt 0.554712 0.899487
vt 0.551247 0.899463
vt 0.551281 0.893749
vt 0.554167 0.893766
vt 0.551281 0.893749
vt 0.551316 0.888032
vt 0.554123 0.888049
vt 0.554167 0.893766
vt 0.551214 0.898040
vt 0.561222 0.902185
vt 0.555358 0.902185
vt 0.555358 0.888032
vt 0.561222 0.888032
vt 0.565367 0.892175
vt 0.565367 0.898040
vt 0.561222 0.902185
vt 0.551214 0.898040
vt 0.551214 0.892175
vt 0.565367 0.892175
vt 0.565367 0.898040
vt 0.551214 0.892175
vt 0.555358 0.888032
vt 0.575665 0.899466
vt 0.572063 0.898825
vt 0.572948 0.893769
vt 0.575626 0.893751
vt 0.551394 0.899023
vt 0.572063 0.898825
vt 0.575665 0.899466
vt 0.575594 0.921101
vt 0.573307 0.921736
vt 0.572709 0.916596
vt 0.575626 0.916614
vt 0.555693 0.917561
vt 0.555157 0.922303
vt 0.551248 0.922328
vt 0.551214 0.916611
vt 0.555693 0.917561
vt 0.551214 0.916611
vt 0.580856 0.917101
vt 0.571916 0.911493
vt 0.551396 0.911342
vt 0.575665 0.910900
vt 0.575626 0.916614
vt 0.572709 0.916596
vt 0.571916 0.911493
vt 0.575665 0.910900
vt 0.555157 0.922303
vt 0.554451 0.928023
vt 0.551284 0.928042
vt 0.551248 0.922328
vt 0.551322 0.933759
vt 0.551284 0.928042
vt 0.554451 0.928023
vt 0.554128 0.933741
vt 0.557034 0.890698
vt 0.557034 0.888032
vt 0.562780 0.888403
vt 0.562654 0.890698
vt 0.790916 0.399042
vt 0.758609 0.360091
vt 0.823223 0.360091
vt 0.581006 0.910896
vt 0.580856 0.917101
vt 0.551214 0.916611
vt 0.551218 0.910896
vt 0.551214 0.888544
vt 0.557034 0.888032
vt 0.557034 0.890698
vt 0.551504 0.890698
vt 0.580856 0.904689
vt 0.581006 0.910896
vt 0.551218 0.910896
vt 0.551214 0.905182
vt 0.565368 0.898039
vt 0.561224 0.888032
vt 0.565368 0.892176
vt 0.555127 0.901951
vt 0.551214 0.898039
vt 0.551214 0.892420
vt 0.565368 0.898039
vt 0.561224 0.902185
vt 0.555358 0.888032
vt 0.561224 0.888032
vt 0.557085 0.902185
vt 0.555127 0.901951
vt 0.551214 0.892420
vt 0.552104 0.891285
vt 0.561224 0.902185
vt 0.557085 0.902185
vt 0.552104 0.891285
vt 0.555358 0.888032
vt 0.555322 0.904225
vt 0.551214 0.905182
vt 0.551247 0.899463
vt 0.554712 0.899487
vt 0.551214 0.905182
vt 0.555322 0.904225
vt 0.580856 0.904689
vt 0.478137 0.920844
vt 0.481063 0.917347
vt 0.055587 0.918017
vt 0.528274 0.953546
vt 0.521204 0.951990
vt 0.087615 0.912946
vt 0.051748 0.912946
vt 0.055587 0.918017
vt 0.481063 0.917347
vt 0.575626 0.893751
vt 0.572948 0.893769
vt 0.573485 0.888032
vt 0.575597 0.889719
vt 0.143327 0.979711
vt 0.131786 0.985106
vt 0.130875 0.929007
vt 0.142540 0.934191
vt 0.920247 0.765384
vt 0.920117 0.679194
vt 0.976422 0.761319
vt 0.805345 0.765397
vt 0.749383 0.761400
vt 0.805402 0.679538
vt 0.197144 0.686597
vt 0.185015 0.686649
vt 0.185387 0.680814
vt 0.196727 0.680752
vt 0.285015 0.680734
vt 0.296353 0.680796
vt 0.296729 0.686632
vt 0.284596 0.686582
vt 0.244959 0.682944
vt 0.197144 0.686597
vt 0.196727 0.680752
vt 0.242331 0.677269
vt 0.237033 0.682944
vt 0.239646 0.677269
vt 0.285015 0.680734
vt 0.284596 0.686582
vt 0.022083 0.932896
vt 0.033802 0.927840
vt 0.032280 0.984144
vt 0.020801 0.978644
vt 0.840488 0.807821
vt 0.805345 0.765397
vt 0.805402 0.679538
vt 0.840571 0.679476
vt 0.567067 0.200761
vt 0.512970 0.200761
vt 0.512970 0.076336
vt 0.567067 0.076336
vt 0.600761 0.888032
vt 0.600761 0.892699
vt 0.557676 0.892699
vt 0.557674 0.888032
vt 0.556225 0.901785
vt 0.657850 0.899984
vt 0.657936 0.904772
vt 0.556310 0.906574
vt 0.556037 0.892819
vt 0.556037 0.888032
vt 0.657679 0.888032
vt 0.657677 0.892819
vt 0.557677 0.888032
vt 0.600762 0.888032
vt 0.600762 0.892699
vt 0.557677 0.892699
vt 0.553483 0.904241
vt 0.553833 0.899163
vt 0.604593 0.899164
vt 0.604943 0.904240
vt 0.924964 0.480630
vt 0.898945 0.479364
vt 0.898916 0.478335
vt 0.924847 0.476564
vt 0.898916 0.478335
vt 0.898916 0.464723
vt 0.924847 0.464723
vt 0.924847 0.476564
vt 0.924847 0.347510
vt 0.924847 0.464723
vt 0.898916 0.464723
vt 0.898916 0.347510
vt 0.885304 0.464723
vt 0.884705 0.463883
vt 0.898916 0.464723
vt 0.898916 0.464723
vt 0.884705 0.463883
vt 0.884705 0.347510
vt 0.898916 0.347510
vt 0.827960 0.453129
vt 0.863123 0.502148
vt 0.863123 0.600454
vt 0.827960 0.600454
vt 0.863123 0.600454
vt 0.863123 0.502148
vt 0.910005 0.497687
vt 0.910005 0.600454
vt 0.781073 0.635617
vt 0.781075 0.600454
vt 0.791551 0.610928
vt 0.791551 0.625141
vt 0.791551 0.610928
vt 0.781075 0.600454
vt 0.827960 0.600454
vt 0.817484 0.610931
vt 0.781073 0.635617
vt 0.791551 0.625141
vt 0.817483 0.625143
vt 0.827960 0.635617
vt 0.827960 0.635617
vt 0.817483 0.625143
vt 0.817484 0.610931
vt 0.827960 0.600454
vt 0.827960 0.600454
vt 0.781075 0.600454
vt 0.827960 0.453129
vt 0.939062 0.461416
vt 0.936690 0.464723
vt 0.924847 0.464723
vt 0.924847 0.464723
vt 0.924847 0.347510
vt 0.939062 0.347510
vt 0.939062 0.461416
vt 0.858769 0.347510
vt 0.884705 0.347510
vt 0.884705 0.463883
vt 0.858769 0.461416
vt 0.745910 0.600454
vt 0.745910 0.497687
vt 0.781075 0.600454
vt 0.518473 0.028194
vt 0.558853 0.028194
vt 0.558853 0.060359
vt 0.518473 0.060362
vt 0.583027 0.903510
vt 0.582594 0.908159
vt 0.556992 0.907200
vt 0.557427 0.902552
vt 0.711346 0.906977
vt 0.679482 0.906987
vt 0.679480 0.902320
vt 0.711343 0.902311
vt 0.717802 0.888032
vt 0.717804 0.895846
vt 0.673017 0.895860
vt 0.673015 0.888981
vt 0.673017 0.895860
vt 0.717804 0.895846
vt 0.711343 0.902311
vt 0.679480 0.902320
vt 0.551214 0.895848
vt 0.589719 0.897284
vt 0.583027 0.903510
vt 0.557427 0.902552
vt 0.641210 0.903514
vt 0.666809 0.902568
vt 0.667241 0.907215
vt 0.641642 0.908162
vt 0.634515 0.897294
vt 0.634515 0.890623
vt 0.673015 0.888981
vt 0.673017 0.895860
vt 0.673017 0.895860
vt 0.666809 0.902568
vt 0.641210 0.903514
vt 0.634515 0.897294
vt 0.596178 0.908416
vt 0.596179 0.903749
vt 0.628053 0.903755
vt 0.628051 0.908422
vt 0.628053 0.903755
vt 0.596179 0.903749
vt 0.589719 0.897284
vt 0.634515 0.897294
vt 0.589719 0.889681
vt 0.634515 0.890623
vt 0.634515 0.897294
vt 0.589719 0.897284
vt 0.589719 0.897284
vt 0.551214 0.895848
vt 0.551214 0.888032
vt 0.589719 0.889681
vt 0.518473 0.028194
vt 0.558853 0.028194
vt 0.558853 0.060362
vt 0.518473 0.060362
vt 0.685980 0.892936
vt 0.686417 0.888287
vt 0.712024 0.889246
vt 0.711590 0.893895
vt 0.557674 0.889477
vt 0.589529 0.889472
vt 0.589529 0.894140
vt 0.557674 0.894143
vt 0.551215 0.907884
vt 0.551214 0.900603
vt 0.595990 0.900599
vt 0.595990 0.906533
vt 0.595990 0.900599
vt 0.551214 0.900603
vt 0.557674 0.894143
vt 0.589529 0.894140
vt 0.717805 0.900599
vt 0.679290 0.899166
vt 0.685980 0.892936
vt 0.711590 0.893895
vt 0.627791 0.892942
vt 0.602197 0.893890
vt 0.601764 0.889246
vt 0.627359 0.888296
vt 0.634485 0.899163
vt 0.634486 0.904890
vt 0.595990 0.906533
vt 0.595990 0.900599
vt 0.595990 0.900599
vt 0.602197 0.893890
vt 0.627791 0.892942
vt 0.634485 0.899163
vt 0.672826 0.888034
vt 0.672826 0.892702
vt 0.640950 0.892701
vt 0.640950 0.888032
vt 0.640950 0.892701
vt 0.672826 0.892702
vt 0.679290 0.899166
vt 0.634485 0.899163
vt 0.679290 0.906238
vt 0.634486 0.904890
vt 0.634485 0.899163
vt 0.679290 0.899166
vt 0.679290 0.899166
vt 0.717805 0.900599
vt 0.717804 0.907884
vt 0.679290 0.906238
vt 0.518473 0.028194
vt 0.558853 0.028194
vt 0.558853 0.060361
vt 0.518473 0.060361
vt 0.685997 0.892932
vt 0.686428 0.888286
vt 0.712025 0.889238
vt 0.711591 0.893884
vt 0.557679 0.889450
vt 0.589552 0.889456
vt 0.589552 0.894123
vt 0.557679 0.894120
vt 0.551214 0.907831
vt 0.551214 0.900582
vt 0.596014 0.900585
vt 0.596014 0.906490
vt 0.596014 0.900585
vt 0.551214 0.900582
vt 0.557679 0.894120
vt 0.589552 0.894123
vt 0.717805 0.900584
vt 0.679308 0.899161
vt 0.685997 0.892932
vt 0.711591 0.893884
vt 0.627829 0.892940
vt 0.602224 0.893881
vt 0.601793 0.889234
vt 0.627398 0.888292
vt 0.634522 0.899163
vt 0.634522 0.904853
vt 0.596014 0.906490
vt 0.596014 0.900585
vt 0.596014 0.900585
vt 0.602224 0.893881
vt 0.627829 0.892940
vt 0.634522 0.899163
vt 0.672847 0.888032
vt 0.672847 0.892699
vt 0.640981 0.892701
vt 0.640981 0.888035
vt 0.640981 0.892701
vt 0.672847 0.892699
vt 0.679308 0.899161
vt 0.634522 0.899163
vt 0.679311 0.906192
vt 0.634522 0.904853
vt 0.634522 0.899163
vt 0.679308 0.899161
vt 0.679308 0.899161
vt 0.717805 0.900584
vt 0.717805 0.907831
vt 0.679311 0.906192
vt 0.619632 0.897364
vt 0.619530 0.902008
vt 0.556328 0.902358
vt 0.556223 0.897690
vt 0.980069 0.080046
vt 0.979496 0.081013
vt 0.930395 0.018190
vt 0.568688 0.899540
vt 0.568805 0.900785
vt 0.551214 0.900785
vt 0.568688 0.899540
vt 0.573828 0.899471
vt 0.574014 0.900785
vt 0.568805 0.900785
vt 0.568805 0.900785
vt 0.568868 0.901727
vt 0.551214 0.900785
vt 0.557635 0.912578
vt 0.557158 0.917227
vt 0.551238 0.912571
vt 0.557158 0.917227
vt 0.557635 0.912578
vt 0.561577 0.912583
vt 0.562272 0.917305
vt 0.557912 0.908814
vt 0.557635 0.912578
vt 0.551238 0.912571
vt 0.557635 0.912578
vt 0.557912 0.908814
vt 0.562983 0.909323
vt 0.561577 0.912583
vt 0.568589 0.904291
vt 0.568500 0.898985
vt 0.931486 0.899181
vt 0.931429 0.904436
vt 0.567595 0.894702
vt 0.565511 0.896809
vt 0.563384 0.894678
vt 0.589671 0.901297
vt 0.591723 0.899202
vt 0.593862 0.901309
vt 0.551540 0.896720
vt 0.551502 0.892499
vt 0.594055 0.892432
vt 0.594114 0.896621
vt 0.612827 0.912177
vt 0.612812 0.916964
vt 0.555989 0.916776
vt 0.554799 0.911985
vt 0.560669 0.912154
vt 0.619061 0.911885
vt 0.617702 0.916679
vt 0.560671 0.916942
vt 0.565491 0.888130
vt 0.567597 0.890229
vt 0.563370 0.890209
vt 0.556674 0.906566
vt 0.551214 0.902973
vt 0.551403 0.899448
vt 0.551403 0.899448
vt 0.661062 0.899446
vt 0.661500 0.904707
vt 0.556674 0.906566
vt 0.604593 0.899164
vt 0.553833 0.899163
vt 0.551214 0.896001
vt 0.557676 0.892699
vt 0.657677 0.892819
vt 0.661062 0.899446
vt 0.551403 0.899448
vt 0.556037 0.892819
vt 0.607223 0.895989
vt 0.604593 0.899164
vt 0.557676 0.892699
vt 0.600761 0.892699
vt 0.551214 0.897216
vt 0.557677 0.892699
vt 0.600762 0.892699
vt 0.607224 0.897216
vt 0.661105 0.893297
vt 0.657850 0.899984
vt 0.556225 0.901785
vt 0.551475 0.895239
vt 0.551214 0.891631
vt 0.556485 0.888032
vt 0.551475 0.895239
vt 0.551475 0.895239
vt 0.556485 0.888032
vt 0.661452 0.888032
vt 0.661105 0.893297
vt 0.554218 0.924748
vt 0.556740 0.915312
vt 0.591880 0.915312
vt 0.587895 0.924748
vt 0.553736 0.906389
vt 0.600369 0.906389
vt 0.591880 0.915312
vt 0.556740 0.915312
vt 0.551214 0.896955
vt 0.596382 0.896955
vt 0.600369 0.906389
vt 0.553736 0.906389
vt 0.551214 0.896955
vt 0.554218 0.888032
vt 0.587895 0.888032
vt 0.596382 0.896955
vt 0.557006 0.888032
vt 0.593194 0.888032
vt 0.595302 0.890138
vt 0.554900 0.890138
vt 0.592926 0.896713
vt 0.552527 0.896714
vt 0.554632 0.894609
vt 0.590821 0.894609
vt 0.553318 0.896716
vt 0.551214 0.894610
vt 0.596616 0.894610
vt 0.594509 0.896716
vt 0.942625 0.917101
vt 0.942248 0.912587
vt 0.954625 0.912591
vt 0.937327 0.912584
vt 0.942248 0.912587
vt 0.942625 0.917101
vt 0.937551 0.917335
vt 0.554236 0.890192
vt 0.556393 0.888032
vt 0.584350 0.888034
vt 0.586509 0.890190
vt 0.584849 0.895939
vt 0.553423 0.897512
vt 0.555421 0.895305
vt 0.582642 0.893941
vt 0.584747 0.897681
vt 0.553369 0.896109
vt 0.551322 0.893844
vt 0.587012 0.895631
vt 0.591730 0.894808
vt 0.589659 0.892716
vt 0.593848 0.892698
vt 0.587849 0.890345
vt 0.589896 0.888239
vt 0.592061 0.890339
vt 0.551214 0.892351
vt 0.551331 0.888032
vt 0.594904 0.888044
vt 0.594787 0.892361
vt 0.551215 0.894589
vt 0.591173 0.894617
vt 0.589023 0.896722
vt 0.553320 0.896695
vt 0.942248 0.912587
vt 0.942019 0.908691
vt 0.954625 0.912591
vt 0.554300 0.888287
vt 0.589896 0.888239
vt 0.587849 0.890345
vt 0.556409 0.890391
vt 0.554307 0.890252
vt 0.556409 0.888145
vt 0.589002 0.888104
vt 0.591168 0.890207
vt 0.671100 0.894700
vt 0.711064 0.894775
vt 0.708953 0.896875
vt 0.673191 0.896809
vt 0.936956 0.908970
vt 0.942019 0.908691
vt 0.942248 0.912587
vt 0.937327 0.912584
vt 0.954729 0.902186
vt 0.954817 0.901144
vt 0.977794 0.901144
vt 0.949766 0.901862
vt 0.949841 0.901142
vt 0.954817 0.901144
vt 0.954729 0.902186
vt 0.954817 0.901144
vt 0.954885 0.900046
vt 0.977794 0.901144
vt 0.949841 0.901142
vt 0.949907 0.899842
vt 0.954885 0.900046
vt 0.954817 0.901144
vt 0.671097 0.890138
vt 0.673194 0.888034
vt 0.705484 0.888032
vt 0.707588 0.890135
vt 0.670891 0.888104
vt 0.707572 0.888032
vt 0.705471 0.890141
vt 0.673011 0.890207
vt 0.671100 0.894700
vt 0.673191 0.896809
vt 0.668981 0.896801
vt 0.594787 0.899269
vt 0.594788 0.901429
vt 0.551214 0.901417
vt 0.551226 0.899263
vt 0.593848 0.892698
vt 0.636703 0.892570
vt 0.638788 0.894662
vt 0.591730 0.894808
vt 0.565511 0.896809
vt 0.567595 0.894702
vt 0.608777 0.894614
vt 0.610886 0.896714
vt 0.593862 0.901309
vt 0.591723 0.899202
vt 0.637771 0.899209
vt 0.635692 0.901308
vt 0.552507 0.888129
vt 0.565491 0.888130
vt 0.563370 0.890209
vt 0.553730 0.890233
vt 0.555788 0.892800
vt 0.589659 0.892716
vt 0.591730 0.894808
vt 0.552142 0.894916
vt 0.551214 0.896811
vt 0.552439 0.894703
vt 0.563384 0.894678
vt 0.565511 0.896809
vt 0.554855 0.901288
vt 0.551214 0.899181
vt 0.591723 0.899202
vt 0.589671 0.901297
vt 0.593216 0.888100
vt 0.591168 0.890207
vt 0.589002 0.888104
vt 0.553452 0.896824
vt 0.551446 0.894659
vt 0.619989 0.894811
vt 0.617834 0.896950
vt 0.551214 0.894219
vt 0.551388 0.888043
vt 0.553488 0.888734
vt 0.553351 0.893070
vt 0.551214 0.888032
vt 0.619133 0.888032
vt 0.616975 0.890194
vt 0.552457 0.890194
vt 0.553411 0.888032
vt 0.617185 0.888041
vt 0.619337 0.890185
vt 0.551403 0.890194
vt 0.559887 0.894219
vt 0.557775 0.893019
vt 0.557755 0.888692
vt 0.559861 0.888032
vt 0.595302 0.890138
vt 0.596616 0.894610
vt 0.551214 0.894610
vt 0.554900 0.890138
vt 0.554236 0.890192
vt 0.586509 0.890190
vt 0.587012 0.895631
vt 0.551322 0.893844
vt 0.554307 0.890252
vt 0.591168 0.890207
vt 0.591173 0.894617
vt 0.551215 0.894589
vt 0.671097 0.890138
vt 0.707588 0.890135
vt 0.711064 0.894775
vt 0.671100 0.894700
vt 0.591730 0.894808
vt 0.638788 0.894662
vt 0.637771 0.899209
vt 0.591723 0.899202
vt 0.551214 0.899181
vt 0.552142 0.894916
vt 0.591730 0.894808
vt 0.591723 0.899202
vt 0.551403 0.890194
vt 0.619337 0.890185
vt 0.619989 0.894811
vt 0.551446 0.894659
vt 0.551259 0.901180
vt 0.551540 0.896720
vt 0.594114 0.896621
vt 0.593842 0.901009
vt 0.554829 0.888519
vt 0.589642 0.888319
vt 0.589659 0.892716
vt 0.555788 0.892800
vt 0.552439 0.894703
vt 0.553730 0.890233
vt 0.563370 0.890209
vt 0.563384 0.894678
vt 0.601788 0.890138
vt 0.601632 0.894521
vt 0.552423 0.894787
vt 0.552588 0.890139
vt 0.594790 0.888032
vt 0.594790 0.892812
vt 0.551223 0.892816
vt 0.551220 0.888038
vt 0.593848 0.892698
vt 0.593832 0.888292
vt 0.635659 0.888032
vt 0.636703 0.892570
vt 0.567597 0.890229
vt 0.610080 0.890141
vt 0.608777 0.894614
vt 0.567595 0.894702
vt 0.551214 0.888032
vt 0.593774 0.888035
vt 0.594055 0.892432
vt 0.551502 0.892499
vt 0.594788 0.897111
vt 0.594787 0.899269
vt 0.551226 0.899263
vt 0.551232 0.897103
vt 0.551229 0.901892
vt 0.551230 0.897111
vt 0.594788 0.897130
vt 0.594785 0.901910
vt 0.593194 0.901186
vt 0.557006 0.901186
vt 0.553318 0.896716
vt 0.594509 0.896716
vt 0.781075 0.449017
vt 0.827960 0.453129
vt 0.781075 0.600454
vt 0.633551 0.703863
vt 0.585605 0.703053
vt 0.688130 0.359038
vt 0.745910 0.497687
vt 0.781075 0.449017
vt 0.781075 0.600454
vt 0.589123 0.763673
vt 0.546747 0.857661
vt 0.427329 0.784692
vt 0.673175 0.901374
vt 0.673191 0.896809
vt 0.708953 0.896875
vt 0.705463 0.901497
vt 0.585605 0.703053
vt 0.589123 0.763673
vt 0.427329 0.784692
vt 0.552142 0.894916
vt 0.553345 0.892824
vt 0.555788 0.892800
vt 0.551214 0.896900
vt 0.552423 0.894787
vt 0.601632 0.894521
vt 0.602879 0.896621
vt 0.556405 0.901042
vt 0.553320 0.896695
vt 0.589023 0.896722
vt 0.588998 0.901127
vt 0.265981 0.632996
vt 0.260418 0.563953
vt 0.264034 0.563823
vt 0.266042 0.629921
vt 0.271798 0.633141
vt 0.361331 0.572041
vt 0.352794 0.663917
vt 0.551232 0.897103
vt 0.551232 0.892344
vt 0.594788 0.892350
vt 0.594788 0.897111
vt 0.271818 0.630082
vt 0.269922 0.563707
vt 0.361331 0.572041
vt 0.555896 0.900144
vt 0.553369 0.896109
vt 0.584747 0.897681
vt 0.583712 0.902936
vt 0.271798 0.633141
vt 0.271818 0.630082
vt 0.361331 0.572041
vt 0.553452 0.896824
vt 0.617834 0.896950
vt 0.617158 0.901569
vt 0.553383 0.901291
vt 0.552731 0.894721
vt 0.552457 0.890194
vt 0.616975 0.890194
vt 0.617862 0.894722
vt 0.551214 0.901417
vt 0.594788 0.901429
vt 0.594785 0.906045
vt 0.551215 0.906086
vt 0.553351 0.893070
vt 0.553488 0.888734
vt 0.557755 0.888692
vt 0.557775 0.893019
vt 0.591177 0.890171
vt 0.590832 0.894514
vt 0.551872 0.894545
vt 0.552228 0.890294
vt 0.920247 0.765384
vt 0.885158 0.807821
vt 0.904726 0.731290
vt 0.910194 0.731283
vt 0.552423 0.901279
vt 0.551214 0.899181
vt 0.554855 0.901288
vt 0.307344 0.856218
vt 0.125614 0.863833
vt 0.194114 0.359134
vt 0.413556 0.363916
vt 0.463618 0.413579
vt 0.381587 0.364994
vt 0.478058 0.361186
vt 0.463618 0.413579
vt 0.446936 0.358939
vt 0.446936 0.358939
vt 0.463618 0.413579
vt 0.413556 0.363916
vt 0.285099 0.381797
vt 0.259637 0.511956
vt 0.254910 0.360240
vt 0.254910 0.360240
vt 0.259637 0.511956
vt 0.223109 0.366571
vt 0.285099 0.381797
vt 0.286636 0.510337
vt 0.259637 0.511956
vt 0.286636 0.510337
vt 0.301544 0.507770
vt 0.303021 0.518111
vt 0.288838 0.521864
vt 0.463618 0.413579
vt 0.457140 0.438045
vt 0.436133 0.432071
vt 0.463618 0.413579
vt 0.436133 0.432071
vt 0.381587 0.364994
vt 0.485165 0.410773
vt 0.463618 0.413579
vt 0.478058 0.361186
vt 0.485165 0.410773
vt 0.482919 0.418949
vt 0.463618 0.413579
vt 0.381587 0.364994
vt 0.436133 0.432071
vt 0.349569 0.359163
vt 0.349569 0.359163
vt 0.436133 0.432071
vt 0.317799 0.366396
vt 0.223109 0.366571
vt 0.259637 0.511956
vt 0.191195 0.361143
vt 0.191195 0.361143
vt 0.259637 0.511956
vt 0.159002 0.365102
vt 0.327657 0.503575
vt 0.301544 0.507770
vt 0.285099 0.381797
vt 0.285099 0.381797
vt 0.301544 0.507770
vt 0.286636 0.510337
vt 0.511476 0.352902
vt 0.543813 0.355894
vt 0.485165 0.410773
vt 0.511476 0.352902
vt 0.485165 0.410773
vt 0.478058 0.361186
vt 0.259637 0.511956
vt 0.266763 0.590400
vt 0.257226 0.597942
vt 0.259637 0.511956
vt 0.257226 0.597942
vt 0.159002 0.365102
vt 0.436133 0.432071
vt 0.327657 0.503575
vt 0.317799 0.366396
vt 0.317799 0.366396
vt 0.327657 0.503575
vt 0.285099 0.381797
vt 0.257226 0.597942
vt 0.253340 0.676831
vt 0.249593 0.680336
vt 0.436133 0.432071
vt 0.418307 0.492056
vt 0.327657 0.503575
vt 0.543813 0.355894
vt 0.577261 0.350290
vt 0.511278 0.417993
vt 0.543813 0.355894
vt 0.511278 0.417993
vt 0.485165 0.410773
vt 0.257226 0.597942
vt 0.249593 0.680336
vt 0.159002 0.365102
vt 0.159002 0.365102
vt 0.249593 0.680336
vt 0.126359 0.861024
vt 0.292425 0.587012
vt 0.257226 0.597942
vt 0.266763 0.590400
vt 0.292425 0.587012
vt 0.365589 0.586085
vt 0.257226 0.597942
vt 0.461202 0.494762
vt 0.444064 0.499849
vt 0.446914 0.490469
vt 0.461202 0.494762
vt 0.454700 0.516290
vt 0.444064 0.499849
vt 0.511278 0.417993
vt 0.577261 0.350290
vt 0.609484 0.349081
vt 0.569510 0.716834
vt 0.572048 0.615162
vt 0.576730 0.717427
vt 0.575538 0.719620
vt 0.312290 0.573423
vt 0.365589 0.586085
vt 0.292425 0.587012
vt 0.312290 0.573423
vt 0.292425 0.587012
vt 0.292111 0.569208
vt 0.444064 0.499849
vt 0.454700 0.516290
vt 0.418307 0.492056
vt 0.418307 0.492056
vt 0.454700 0.516290
vt 0.327657 0.503575
vt 0.642548 0.345111
vt 0.511278 0.417993
vt 0.609484 0.349081
vt 0.642548 0.345111
vt 0.676844 0.354089
vt 0.511278 0.417993
vt 0.576730 0.717427
vt 0.734054 0.861014
vt 0.548895 0.855512
vt 0.576730 0.717427
vt 0.548895 0.855512
vt 0.514258 0.804904
vt 0.333609 0.564090
vt 0.365589 0.586085
vt 0.312290 0.573423
vt 0.333609 0.564090
vt 0.312290 0.573423
vt 0.312432 0.565059
vt 0.676844 0.354089
vt 0.734054 0.861014
vt 0.572048 0.615162
vt 0.734054 0.861014
vt 0.576730 0.717427
vt 0.572048 0.615162
vt 0.316098 0.769540
vt 0.311458 0.854902
vt 0.126359 0.861024
vt 0.514258 0.804904
vt 0.548895 0.855512
vt 0.311458 0.854902
vt 0.454700 0.516290
vt 0.365589 0.586085
vt 0.333609 0.564090
vt 0.454700 0.516290
vt 0.333609 0.564090
vt 0.327657 0.503575
vt 0.676844 0.354089
vt 0.572048 0.615162
vt 0.511278 0.417993
vt 0.511278 0.417993
vt 0.572048 0.615162
vt 0.481124 0.523934
vt 0.365589 0.586085
vt 0.454700 0.516290
vt 0.481124 0.523934
vt 0.458942 0.719357
vt 0.514258 0.804904
vt 0.316098 0.769540
vt 0.316098 0.769540
vt 0.514258 0.804904
vt 0.311458 0.854902
vt 0.365589 0.586085
vt 0.375135 0.679063
vt 0.368653 0.680834
vt 0.481124 0.523934
vt 0.572048 0.615162
vt 0.470268 0.608233
vt 0.481124 0.523934
vt 0.470268 0.608233
vt 0.365589 0.586085
vt 0.379174 0.682158
vt 0.458942 0.719357
vt 0.316098 0.769540
vt 0.470268 0.608233
vt 0.379174 0.682158
vt 0.375135 0.679063
vt 0.470268 0.608233
vt 0.375135 0.679063
vt 0.365589 0.586085
vt 0.470268 0.608233
vt 0.463093 0.716021
vt 0.379174 0.682158
vt 0.463093 0.716021
vt 0.458942 0.719357
vt 0.379174 0.682158
vt 0.463093 0.716021
vt 0.470268 0.608233
vt 0.468828 0.716508
vt 0.574656 0.893893
vt 0.574656 0.888032
vt 0.820817 0.888032
vt 0.820817 0.893890
vt 0.408426 0.337857
vt 0.022304 0.337857
vt 0.022301 0.091715
vt 0.408426 0.091715
vt 0.031131 0.914137
vt 0.075751 0.942016
vt 0.041028 0.947349
vt 0.031131 0.914137
vt 0.034068 0.881561
vt 0.075751 0.942016
vt 0.034068 0.881561
vt 0.034234 0.849608
vt 0.075751 0.942016
vt 0.075751 0.942016
vt 0.034234 0.849608
vt 0.038604 0.817084
vt 0.038604 0.817084
vt 0.034183 0.784446
vt 0.040896 0.751868
vt 0.040815 0.653841
vt 0.034060 0.621563
vt 0.040745 0.588978
vt 0.075751 0.942016
vt 0.038604 0.817084
vt 0.040896 0.751868
vt 0.040896 0.751868
vt 0.037167 0.719291
vt 0.040853 0.686713
vt 0.040815 0.653841
vt 0.040745 0.588978
vt 0.055841 0.554855
vt 0.075751 0.942016
vt 0.040896 0.751868
vt 0.040853 0.686713
vt 0.040853 0.686713
vt 0.040815 0.653841
vt 0.055841 0.554855
vt 0.075751 0.942016
vt 0.040853 0.686713
vt 0.055841 0.554855
vt 0.034050 0.523776
vt 0.040808 0.491203
vt 0.055841 0.554855
vt 0.055841 0.554855
vt 0.040808 0.491203
vt 0.076603 0.429490
vt 0.040808 0.491203
vt 0.036007 0.458619
vt 0.076603 0.429490
vt 0.036007 0.458619
vt 0.040835 0.426044
vt 0.076603 0.429490
vt 0.473372 0.279527
vt 0.552282 0.279075
vt 0.560759 0.279079
vt 0.560742 0.306334
vt 0.450905 0.279622
vt 0.473372 0.279527
vt 0.560742 0.306334
vt 0.450909 0.306876
vt 0.549155 0.277696
vt 0.559010 0.304944
vt 0.495675 0.304985
vt 0.495665 0.282862
vt 0.549155 0.277696
vt 0.558994 0.277690
vt 0.559010 0.304944
vt 0.549147 0.262699
vt 0.549155 0.277696
vt 0.495665 0.282862
vt 0.485812 0.262739
vt 0.495665 0.282862
vt 0.485826 0.282868
vt 0.485812 0.262739
vt 0.485812 0.262739
vt 0.477336 0.262744
vt 0.477321 0.235490
vt 0.559108 0.235437
vt 0.549147 0.262699
vt 0.485812 0.262739
vt 0.477321 0.235490
vt 0.549147 0.262699
vt 0.559108 0.235437
vt 0.559123 0.262694
vt 0.463556 0.237271
vt 0.526891 0.237304
vt 0.526879 0.259426
vt 0.473381 0.264531
vt 0.463556 0.237271
vt 0.473381 0.264531
vt 0.463542 0.264525
vt 0.473381 0.264531
vt 0.526879 0.259426
vt 0.552282 0.279075
vt 0.473372 0.279527
vt 0.552282 0.279075
vt 0.526879 0.259426
vt 0.552297 0.258944
vt 0.666821 0.893862
vt 0.641229 0.892926
vt 0.641660 0.888280
vt 0.667160 0.890210
vt 0.518473 0.028197
vt 0.558853 0.028194
vt 0.558853 0.060314
vt 0.518473 0.060318
vt 0.185015 0.686649
vt 0.197144 0.686597
vt 0.206982 0.815168
vt 0.174704 0.815168
vt 0.244959 0.682944
vt 0.312313 0.807111
vt 0.206982 0.815168
vt 0.197144 0.686597
vt 0.033802 0.927840
vt 0.088347 0.919874
vt 0.088850 0.926312
vt 0.022083 0.932896
vt 0.021569 0.921539
vt 0.033802 0.927840
vt 0.021569 0.921539
vt 0.142439 0.905877
vt 0.088347 0.919874
vt 0.033802 0.927840
vt 0.093521 0.919801
vt 0.088347 0.919874
vt 0.142439 0.905877
vt 0.093521 0.919801
vt 0.142439 0.905877
vt 0.143916 0.924786
vt 0.093332 0.926189
vt 0.296729 0.686632
vt 0.307036 0.815153
vt 0.274760 0.815153
vt 0.284596 0.686582
vt 0.284596 0.686582
vt 0.274760 0.815153
vt 0.169427 0.807095
vt 0.237033 0.682944
vt 0.143177 0.922839
vt 0.142540 0.934191
vt 0.130875 0.929007
vt 0.076402 0.920454
vt 0.130875 0.929007
vt 0.075830 0.926886
vt 0.143177 0.922839
vt 0.130875 0.929007
vt 0.076402 0.920454
vt 0.022484 0.905877
vt 0.076402 0.920454
vt 0.071248 0.920328
vt 0.022484 0.905877
vt 0.071248 0.920328
vt 0.071368 0.926715
vt 0.020801 0.924767
vt 0.022484 0.905877
vt 0.307036 0.815153
vt 0.296729 0.686632
vt 0.302569 0.686163
vt 0.312315 0.807640
vt 0.185015 0.686649
vt 0.174704 0.815168
vt 0.169427 0.807658
vt 0.179172 0.686179
vt 0.637085 0.764530
vt 0.633551 0.703863
vt 0.735284 0.863824
vt 0.633551 0.703863
vt 0.688130 0.359038
vt 0.735284 0.863824
vt 0.546747 0.857661
vt 0.589123 0.763673
vt 0.637085 0.764530
vt 0.546747 0.857661
vt 0.637085 0.764530
vt 0.735284 0.863824
vt 0.335387 0.506711
vt 0.471808 0.353432
vt 0.503986 0.361249
vt 0.561579 0.357488
vt 0.483526 0.551788
vt 0.503986 0.361249
vt 0.532289 0.352723
vt 0.471808 0.353432
vt 0.335387 0.506711
vt 0.411028 0.364384
vt 0.441444 0.353302
vt 0.333465 0.517688
vt 0.335387 0.506711
vt 0.483526 0.551788
vt 0.483526 0.551788
vt 0.335387 0.506711
vt 0.503986 0.361249
vt 0.494230 0.573528
vt 0.482207 0.573148
vt 0.487110 0.567162
vt 0.480191 0.566206
vt 0.625230 0.357045
vt 0.483526 0.551788
vt 0.561579 0.357488
vt 0.592300 0.345111
vt 0.335387 0.506711
vt 0.380851 0.363813
vt 0.411028 0.364384
vt 0.483526 0.551788
vt 0.381953 0.549730
vt 0.333465 0.517688
vt 0.688130 0.359038
vt 0.483526 0.551788
vt 0.625230 0.357045
vt 0.656350 0.348552
vt 0.380851 0.363813
vt 0.335387 0.506711
vt 0.320728 0.375088
vt 0.350437 0.351899
vt 0.494230 0.573528
vt 0.502770 0.665265
vt 0.494385 0.665642
vt 0.688130 0.359038
vt 0.494230 0.573528
vt 0.480191 0.566206
vt 0.483526 0.551788
vt 0.335387 0.506711
vt 0.323941 0.505518
vt 0.320728 0.375088
vt 0.321493 0.516529
vt 0.333465 0.517688
vt 0.339837 0.550505
vt 0.339837 0.550505
vt 0.333465 0.517688
vt 0.381953 0.549730
vt 0.323941 0.505518
vt 0.257084 0.360844
vt 0.290860 0.346467
vt 0.320728 0.375088
vt 0.321493 0.516529
vt 0.339837 0.550505
vt 0.258554 0.550155
vt 0.502770 0.665265
vt 0.494230 0.573528
vt 0.508697 0.669400
vt 0.508697 0.669400
vt 0.494230 0.573528
vt 0.688130 0.359038
vt 0.323941 0.505518
vt 0.194114 0.359134
vt 0.225925 0.348360
vt 0.257084 0.360844
vt 0.585605 0.703053
vt 0.508697 0.669400
vt 0.688130 0.359038
vt 0.258554 0.550155
vt 0.194114 0.359134
vt 0.321493 0.516529
vt 0.321493 0.516529
vt 0.194114 0.359134
vt 0.323941 0.505518
vt 0.194114 0.359134
vt 0.258554 0.550155
vt 0.260418 0.563953
vt 0.427329 0.784692
vt 0.508697 0.669400
vt 0.585605 0.703053
vt 0.307344 0.856218
vt 0.194114 0.359134
vt 0.260418 0.563953
vt 0.265981 0.632996
vt 0.307344 0.856218
vt 0.427329 0.784692
vt 0.546747 0.857661
vt 0.271798 0.633141
vt 0.307344 0.856218
vt 0.265981 0.632996
vt 0.307344 0.856218
vt 0.271798 0.633141
vt 0.346853 0.668708
vt 0.307344 0.856218
vt 0.346853 0.668708
vt 0.427329 0.784692
vt 0.352794 0.663917
vt 0.346853 0.668708
vt 0.271798 0.633141
vt 0.352794 0.663917
vt 0.361331 0.572041
vt 0.361311 0.664035
vt 0.021328 0.927203
vt 0.020801 0.918902
vt 0.029845 0.923353
vt 0.020801 0.918902
vt 0.109117 0.905877
vt 0.110449 0.919685
vt 0.029845 0.923353
vt 0.110445 0.918303
vt 0.109976 0.926605
vt 0.101432 0.922814
vt 0.110445 0.918303
vt 0.101432 0.922814
vt 0.020801 0.919695
vt 0.022041 0.905877
vt 0.277002 0.681511
vt 0.281243 0.680872
vt 0.294316 0.769179
vt 0.290830 0.774936
vt 0.172859 0.774799
vt 0.169427 0.769010
vt 0.183314 0.680829
vt 0.187550 0.681506
vt 0.187550 0.681506
vt 0.196400 0.682148
vt 0.196400 0.776605
vt 0.172859 0.774799
vt 0.277002 0.681511
vt 0.290830 0.774936
vt 0.267272 0.776525
vt 0.268145 0.682071
vt 0.210472 0.681542
vt 0.268145 0.682071
vt 0.267272 0.776525
vt 0.169427 0.775622
vt 0.247876 0.682151
vt 0.292792 0.776605
vt 0.196400 0.776605
vt 0.196400 0.682148
vt 0.116702 0.919169
vt 0.107062 0.923987
vt 0.020801 0.920637
vt 0.022129 0.905877
vt 0.107062 0.923987
vt 0.116702 0.919169
vt 0.116202 0.928038
vt 0.269188 0.684766
vt 0.277210 0.785479
vt 0.251984 0.785479
vt 0.259712 0.684724
vt 0.027548 0.928844
vt 0.122052 0.915092
vt 0.123453 0.929845
vt 0.037214 0.933617
vt 0.027548 0.928844
vt 0.037214 0.933617
vt 0.028092 0.937712
vt 0.181579 0.685249
vt 0.191058 0.685207
vt 0.198782 0.785961
vt 0.173559 0.785961
vt 0.236487 0.681710
vt 0.281342 0.779600
vt 0.198782 0.785961
vt 0.191058 0.685207
vt 0.269188 0.684766
vt 0.273761 0.684380
vt 0.281341 0.779576
vt 0.277210 0.785479
vt 0.173559 0.785961
vt 0.169427 0.780058
vt 0.177006 0.684865
vt 0.181579 0.685249
vt 0.909925 0.728663
vt 0.905799 0.679247
vt 0.920117 0.679194
vt 0.910194 0.731283
vt 0.909925 0.728663
vt 0.920117 0.679194
vt 0.920247 0.765384
vt 0.910194 0.731283
vt 0.920117 0.679194
vt 0.885158 0.807821
vt 0.884957 0.679328
vt 0.900347 0.679266
vt 0.904460 0.728669
vt 0.885158 0.807821
vt 0.900347 0.679266
vt 0.904726 0.731290
vt 0.885158 0.807821
vt 0.904460 0.728669
# num_uvs: 3276

g witchhousemesh

usemtl witchhousemat
f 3/1 2/2 1/3 
f 4/4 3/5 1/6 
f 4/7 5/8 3/9 
f 1/10 6/11 4/12 
f 4/13 7/14 5/15 
f 7/16 9/17 8/18 5/19 
f 6/20 10/21 4/22 
f 11/23 1/24 2/25 
f 15/26 14/27 13/28 12/29 
f 17/30 12/31 13/32 16/33 
f 15/34 12/35 17/36 18/37 
f 13/38 14/39 19/40 
f 13/41 19/42 20/43 16/44 
f 24/45 21/46 23/47 22/48 
f 26/49 25/50 23/51 21/52 
f 25/53 27/54 22/55 23/56 
f 26/57 21/58 28/59 
f 21/60 24/61 29/62 28/63 
f 33/64 32/65 31/66 30/67 
f 32/68 33/69 34/70 
f 37/71 36/72 35/73 
f 37/74 38/75 39/76 36/77 
f 43/78 42/79 41/80 40/81 
f 45/82 41/83 44/84 
f 40/85 41/86 45/87 
f 46/88 42/89 43/90 
f 47/91 42/92 46/93 
f 46/94 43/95 48/96 
f 51/97 50/98 49/99 
f 50/100 52/101 53/102 49/103 
f 47/104 55/105 54/106 
f 55/107 56/108 57/109 54/110 
f 46/111 59/112 58/113 
f 59/114 60/115 61/116 58/117 
f 64/118 63/119 62/120 
f 63/121 65/122 62/123 
f 68/124 67/125 66/126 
f 70/127 69/128 68/129 66/130 
f 67/131 68/132 71/133 
f 68/134 69/135 72/136 71/137 
f 74/138 73/139 48/140 
f 73/141 74/142 76/143 75/144 
f 48/145 73/146 77/147 
f 75/148 78/149 77/150 73/151 
f 81/152 80/153 79/154 
f 80/155 81/156 82/157 
f 85/158 44/159 84/160 83/161 
f 83/162 84/163 62/164 86/165 
f 85/166 87/167 88/168 44/169 
f 89/170 45/171 44/172 88/173 
f 67/174 90/175 51/176 
f 90/177 42/178 51/179 
f 42/180 47/181 51/182 
f 41/183 91/184 44/185 
f 41/186 42/187 90/188 91/189 
f 91/190 90/191 84/192 44/193 
f 62/194 84/195 90/196 67/197 
f 67/198 71/199 64/200 62/201 
f 46/202 58/203 55/204 47/205 
f 51/206 49/207 66/208 67/209 
f 47/210 54/211 50/212 51/213 
f 93/214 58/215 61/216 92/217 
f 93/218 94/219 55/220 58/221 
f 94/222 95/223 56/224 55/225 
f 54/226 57/227 97/228 96/229 
f 96/230 98/231 50/232 54/233 
f 50/234 98/235 99/236 52/237 
f 101/238 100/239 45/240 
f 101/241 45/242 89/243 102/244 
f 40/245 45/246 103/247 43/248 
f 80/249 48/250 43/251 103/252 
f 100/253 104/254 103/255 45/256 
f 48/257 80/258 82/259 74/260 
f 48/261 77/262 59/263 46/264 
f 86/265 62/266 65/267 105/268 
f 107/269 106/270 79/271 80/272 
f 109/273 64/274 71/275 108/276 
f 71/277 72/278 110/279 108/280 
f 112/281 111/282 70/283 66/284 
f 113/285 112/286 66/287 49/288 
f 49/289 53/290 114/291 113/292 
f 116/293 77/294 78/295 115/296 
f 116/297 117/298 59/299 77/300 
f 117/301 118/302 60/303 59/304 
f 120/305 119/306 74/307 82/308 
f 74/309 119/310 121/311 76/312 
f 104/313 107/314 80/315 103/316 
f 5/317 124/318 123/319 122/320 
f 127/321 126/322 125/323 
f 127/324 125/325 128/326 
f 130/327 110/328 129/329 
f 111/330 130/331 129/332 
f 132/333 131/334 121/335 
f 131/336 132/337 115/338 
f 135/339 134/340 133/341 
f 134/342 135/343 136/344 
f 139/345 138/346 137/347 
f 141/348 140/349 137/350 138/351 
f 144/352 143/353 142/354 
f 146/355 144/356 142/357 145/358 
f 149/359 148/360 147/361 
f 148/362 149/363 150/364 
f 75/365 151/366 78/367 
f 151/368 75/369 76/370 
f 69/371 70/372 152/373 
f 72/374 69/375 152/376 
f 155/377 154/378 153/379 
f 156/380 154/381 155/382 
f 94/383 6/384 96/385 
f 94/386 96/387 97/388 95/389 
f 157/390 57/391 56/392 
f 98/393 1/394 113/395 
f 98/396 113/397 114/398 99/399 
f 158/400 61/401 60/402 
f 160/403 159/404 120/405 
f 135/406 160/407 120/408 136/409 
f 159/410 160/411 161/412 
f 161/413 160/414 135/415 133/416 
f 163/417 162/418 116/419 
f 132/420 163/421 116/422 115/423 
f 162/424 163/425 119/426 
f 121/427 119/428 163/429 132/430 
f 164/431 11/432 108/433 
f 108/434 110/435 130/436 164/437 
f 11/438 164/439 112/440 
f 111/441 112/442 164/443 130/444 
f 166/445 165/446 2/447 
f 169/448 168/449 167/450 
f 168/451 170/452 167/453 
f 173/454 172/455 171/456 
f 172/457 173/458 175/459 174/460 
f 174/461 175/462 176/463 
f 179/464 178/465 177/466 
f 180/467 179/468 177/469 
f 184/470 183/471 182/472 181/473 
f 182/474 183/475 186/476 185/477 
f 181/478 188/479 187/480 184/481 
f 192/482 189/483 191/484 190/485 
f 196/486 195/487 194/488 193/489 
f 190/490 191/491 198/492 197/493 
f 201/494 200/495 199/496 
f 201/497 199/498 198/499 
f 201/500 202/501 200/502 
f 205/503 204/504 203/505 
f 203/506 204/507 206/508 
f 207/509 204/510 205/511 
f 207/512 202/513 201/514 
f 207/515 201/516 204/517 
f 194/518 195/519 208/520 206/521 
f 188/522 185/523 186/524 187/525 
f 198/526 191/527 209/528 201/529 
f 189/530 210/531 209/532 191/533 
f 209/534 211/535 204/536 201/537 
f 210/538 184/539 187/540 209/541 
f 186/542 211/543 209/544 187/545 
f 210/546 212/547 183/548 184/549 
f 212/550 211/551 186/552 183/553 
f 206/554 204/555 211/556 194/557 
f 193/558 194/559 211/560 212/561 
f 181/562 182/563 185/564 188/565 
f 189/566 193/567 212/568 210/569 
f 216/570 215/571 214/572 213/573 
f 218/574 213/575 217/576 
f 218/577 216/578 213/579 
f 221/580 219/581 220/582 172/583 
f 221/584 223/585 222/586 
f 221/587 222/588 219/589 
f 166/590 126/591 127/592 165/593 
f 92/594 61/595 56/596 95/597 
f 165/598 109/599 2/600 
f 165/601 127/602 128/603 109/604 
f 64/605 153/606 154/607 63/608 
f 97/609 57/610 52/611 99/612 
f 114/613 224/614 99/615 
f 63/616 154/617 156/618 65/619 
f 226/620 224/621 225/622 157/623 
f 227/624 226/625 157/626 158/627 
f 6/628 1/629 98/630 96/631 
f 226/632 97/633 99/634 224/635 
f 28/636 29/637 229/638 228/639 
f 157/640 225/641 52/642 57/643 
f 10/644 6/645 94/646 93/647 
f 227/648 92/649 95/650 226/651 
f 158/652 157/653 56/654 61/655 
f 231/656 230/657 20/658 19/659 
f 232/660 83/661 86/662 
f 236/663 235/664 234/665 233/666 
f 237/667 102/668 87/669 85/670 
f 97/671 226/672 95/673 
f 241/674 240/675 239/676 238/677 
f 237/678 101/679 102/680 
f 244/681 141/682 243/683 242/684 
f 244/685 242/686 245/687 159/688 
f 4/689 159/690 245/691 
f 4/692 10/693 162/694 159/695 
f 248/696 247/697 246/698 
f 251/699 250/700 249/701 
f 25/702 247/703 248/704 
f 248/705 253/706 252/707 
f 22/708 251/709 249/710 
f 251/711 27/712 254/713 
f 257/714 256/715 255/716 
f 25/717 248/718 252/719 
f 259/720 252/721 258/722 
f 22/723 27/724 251/725 
f 257/726 259/727 256/728 
f 25/729 252/730 259/731 
f 257/732 25/733 259/734 
f 27/735 25/736 257/737 
f 27/738 257/739 260/740 
f 260/741 261/742 27/743 
f 254/744 27/745 263/746 262/747 
f 27/748 261/749 264/750 263/751 
f 248/752 265/753 266/754 253/755 
f 252/756 253/757 266/758 267/759 
f 252/760 267/761 268/762 258/763 
f 271/764 269/765 270/766 214/767 
f 222/768 272/769 273/770 217/771 
f 277/772 276/773 275/774 274/775 
f 248/776 246/777 278/778 265/779 
f 251/780 254/781 262/782 279/783 
f 259/784 258/785 268/786 280/787 
f 259/788 280/789 281/790 256/791 
f 247/792 282/793 278/794 246/795 
f 251/796 279/797 283/798 250/799 
f 249/800 250/801 283/802 284/803 
f 256/804 281/805 285/806 255/807 
f 257/808 255/809 285/810 286/811 
f 260/812 287/813 264/814 261/815 
f 257/816 286/817 287/818 260/819 
f 291/820 288/821 290/822 289/823 
f 291/824 292/825 293/826 288/827 
f 295/828 294/829 293/830 292/831 
f 295/832 296/833 297/834 294/835 
f 299/836 298/837 297/838 296/839 
f 303/840 300/841 302/842 301/843 
f 303/844 301/845 305/846 304/847 
f 308/848 306/849 18/850 307/851 
f 310/852 307/853 18/854 309/855 
f 314/856 311/857 313/858 312/859 
f 314/860 312/861 316/862 315/863 
f 299/864 304/865 305/866 298/867 
f 320/868 319/869 318/870 317/871 
f 320/872 310/873 309/874 319/875 
f 308/876 315/877 316/878 306/879 
f 317/880 318/881 302/882 300/883 
f 313/884 311/885 35/886 321/887 
f 277/888 323/889 322/890 
f 277/891 322/892 276/893 
f 325/894 324/895 277/896 
f 277/897 324/898 323/899 
f 323/900 324/901 326/902 
f 22/903 249/904 328/905 327/906 
f 330/907 329/908 25/909 
f 331/910 330/911 25/912 
f 331/913 25/914 26/915 
f 335/916 334/917 333/918 332/919 
f 332/920 333/921 16/922 20/923 
f 338/924 337/925 336/926 215/927 
f 17/928 327/929 328/930 290/931 
f 247/932 321/933 35/934 282/935 
f 249/936 284/937 339/938 328/939 
f 290/940 328/941 339/942 289/943 
f 343/944 340/945 342/946 341/947 
f 347/948 346/949 345/950 344/951 
f 347/952 344/953 340/954 343/955 
f 349/956 348/957 269/958 271/959 
f 172/960 220/961 171/962 
f 350/963 176/964 171/965 220/966 
f 180/967 353/968 352/969 351/970 
f 197/971 178/972 354/973 190/974 
f 170/975 355/976 352/977 353/978 
f 208/979 195/980 356/981 169/982 
f 360/983 357/984 359/985 358/986 
f 360/987 358/988 19/989 14/990 
f 174/991 176/992 350/993 
f 221/994 172/995 174/996 361/997 
f 354/998 362/999 190/1000 
f 173/1001 171/1002 176/1003 175/1004 
f 277/1005 274/1006 364/1007 363/1008 
f 223/1009 233/1010 222/1011 
f 332/1012 366/1013 365/1014 335/1015 
f 358/1016 359/1017 368/1018 367/1019 
f 367/1020 368/1021 363/1022 369/1023 
f 231/1024 371/1025 370/1026 230/1027 
f 230/1028 370/1029 372/1030 
f 20/1031 373/1032 366/1033 332/1034 
f 372/1035 373/1036 20/1037 230/1038 
f 370/1039 361/1040 362/1041 372/1042 
f 371/1043 221/1044 361/1045 370/1046 
f 371/1047 374/1048 223/1049 221/1050 
f 369/1051 233/1052 223/1053 374/1054 
f 362/1055 354/1056 373/1057 372/1058 
f 351/1059 365/1060 366/1061 373/1062 
f 272/1063 376/1064 375/1065 
f 272/1066 377/1067 376/1068 
f 375/1069 273/1070 272/1071 
f 375/1072 378/1073 273/1074 
f 380/1075 379/1076 375/1077 
f 380/1078 375/1079 376/1080 
f 378/1081 382/1082 381/1083 
f 378/1084 381/1085 273/1086 
f 384/1087 380/1088 383/1089 
f 384/1090 379/1091 380/1092 
f 378/1093 275/1094 382/1095 
f 383/1096 385/1097 384/1098 
f 384/1099 386/1100 379/1101 
f 379/1102 386/1103 387/1104 
f 387/1105 386/1106 275/1107 
f 387/1108 275/1109 378/1110 
f 274/1111 385/1112 364/1113 
f 385/1114 383/1115 364/1116 
f 385/1117 274/1118 388/1119 
f 388/1120 274/1121 275/1122 
f 386/1123 388/1124 275/1125 
f 231/1126 374/1127 371/1128 
f 231/1129 19/1130 369/1131 374/1132 
f 19/1133 358/1134 367/1135 369/1136 
f 389/1137 356/1138 195/1139 
f 390/1140 389/1141 195/1142 
f 331/1143 26/1144 28/1145 391/1146 
f 331/1147 391/1148 326/1149 324/1150 
f 216/1151 338/1152 215/1153 
f 393/1154 392/1155 217/1156 
f 392/1157 218/1158 217/1159 
f 393/1160 217/1161 273/1162 381/1163 
f 323/1164 326/1165 391/1166 394/1167 
f 322/1168 323/1169 394/1170 395/1171 
f 396/1172 228/1173 216/1174 218/1175 
f 338/1176 216/1177 228/1178 
f 338/1179 228/1180 229/1181 337/1182 
f 390/1183 337/1184 229/1185 397/1186 
f 389/1187 399/1188 398/1189 356/1190 
f 403/1191 402/1192 401/1193 400/1194 
f 404/1195 402/1196 403/1197 
f 399/1198 397/1199 229/1200 
f 29/1201 404/1202 403/1203 398/1204 
f 229/1205 29/1206 398/1207 399/1208 
f 355/1209 398/1210 403/1211 400/1212 
f 389/1213 390/1214 397/1215 399/1216 
f 402/1217 404/1218 405/1219 401/1220 
f 406/1221 228/1222 396/1223 
f 406/1224 407/1225 28/1226 228/1227 
f 395/1228 394/1229 391/1230 
f 28/1231 407/1232 395/1233 391/1234 
f 407/1235 276/1236 322/1237 395/1238 
f 406/1239 392/1240 393/1241 407/1242 
f 406/1243 396/1244 218/1245 392/1246 
f 177/1247 178/1248 197/1249 
f 177/1250 408/1251 180/1252 
f 169/1253 167/1254 208/1255 
f 353/1256 410/1257 409/1258 
f 410/1259 353/1260 180/1261 
f 408/1262 410/1263 180/1264 
f 199/1265 177/1266 197/1267 
f 199/1268 197/1269 198/1270 
f 411/1271 167/1272 170/1273 
f 408/1274 202/1275 410/1276 
f 167/1277 203/1278 208/1279 
f 203/1280 206/1281 208/1282 
f 353/1283 409/1284 170/1285 
f 409/1286 411/1287 170/1288 
f 377/1289 272/1290 235/1291 
f 409/1292 207/1293 411/1294 
f 383/1295 377/1296 235/1297 
f 202/1298 408/1299 200/1300 
f 235/1301 364/1302 383/1303 
f 347/1304 213/1305 196/1306 346/1307 
f 207/1308 205/1309 411/1310 
f 213/1311 214/1312 270/1313 196/1314 
f 219/1315 343/1316 341/1317 192/1318 
f 219/1319 192/1320 350/1321 220/1322 
f 270/1323 336/1324 337/1325 196/1326 
f 192/1327 341/1328 346/1329 196/1330 
f 350/1331 192/1332 361/1333 174/1334 
f 192/1335 190/1336 362/1337 361/1338 
f 196/1339 337/1340 390/1341 195/1342 
f 192/1343 196/1344 193/1345 189/1346 
f 219/1347 213/1348 347/1349 343/1350 
f 219/1351 222/1352 217/1353 213/1354 
f 415/1355 412/1356 414/1357 413/1358 
f 412/1359 417/1360 416/1361 414/1362 
f 418/1363 417/1364 412/1365 415/1366 
f 199/1367 200/1368 420/1369 419/1370 
f 421/1371 419/1372 417/1373 418/1374 
f 419/1375 420/1376 416/1377 417/1378 
f 415/1379 413/1380 422/1381 418/1382 
f 421/1383 418/1384 422/1385 423/1386 
f 413/1387 414/1388 416/1389 422/1390 
f 423/1391 420/1392 200/1393 408/1394 
f 422/1395 416/1396 420/1397 423/1398 
f 177/1399 199/1400 419/1401 421/1402 
f 177/1403 421/1404 423/1405 408/1406 
f 427/1407 424/1408 426/1409 425/1410 
f 425/1411 426/1412 429/1413 428/1414 
f 431/1415 430/1416 409/1417 410/1418 
f 429/1419 430/1420 431/1421 428/1422 
f 427/1423 425/1424 428/1425 432/1426 
f 202/1427 433/1428 431/1429 410/1430 
f 433/1431 432/1432 428/1433 431/1434 
f 432/1435 434/1436 424/1437 427/1438 
f 435/1439 434/1440 432/1441 433/1442 
f 424/1443 434/1444 429/1445 426/1446 
f 435/1447 430/1448 429/1449 434/1450 
f 207/1451 409/1452 430/1453 435/1454 
f 202/1455 207/1456 435/1457 433/1458 
f 439/1459 436/1460 438/1461 437/1462 
f 436/1463 441/1464 440/1465 438/1466 
f 439/1467 442/1468 441/1469 436/1470 
f 444/1471 443/1472 441/1473 442/1474 
f 443/1475 445/1476 440/1477 441/1478 
f 439/1479 437/1480 446/1481 442/1482 
f 203/1483 444/1484 447/1485 205/1486 
f 444/1487 442/1488 446/1489 447/1490 
f 437/1491 438/1492 440/1493 446/1494 
f 205/1495 447/1496 445/1497 411/1498 
f 446/1499 440/1500 445/1501 447/1502 
f 167/1503 411/1504 445/1505 443/1506 
f 203/1507 167/1508 443/1509 444/1510 
f 451/1511 448/1512 450/1513 449/1514 
f 454/1515 453/1516 452/1517 
f 456/1518 454/1519 455/1520 
f 455/1521 457/1522 450/1523 456/1524 
f 454/1525 452/1526 458/1527 455/1528 
f 460/1529 459/1530 450/1531 457/1532 
f 452/1533 459/1534 460/1535 458/1536 
f 450/1537 459/1538 449/1539 
f 463/1540 461/1541 448/1542 462/1543 
f 467/1544 466/1545 465/1546 464/1547 
f 448/1548 451/1549 468/1550 462/1551 
f 466/1552 470/1553 469/1554 465/1555 
f 469/1556 453/1557 454/1558 465/1559 
f 474/1560 471/1561 473/1562 472/1563 
f 477/1564 475/1565 476/1566 473/1567 
f 479/1568 477/1569 473/1570 478/1571 
f 478/1572 31/1573 479/1574 
f 34/1575 476/1576 475/1577 480/1578 
f 31/1579 34/1580 480/1581 479/1582 
f 31/1583 32/1584 34/1585 
f 473/1586 476/1587 472/1588 
f 483/1589 481/1590 471/1591 482/1592 
f 485/1593 38/1594 30/1595 484/1596 
f 482/1597 471/1598 474/1599 486/1600 
f 30/1601 38/1602 37/1603 33/1604 
f 490/1605 487/1606 489/1607 488/1608 
f 492/1609 491/1610 488/1611 489/1612 
f 492/1613 489/1614 487/1615 493/1616 
f 495/1617 475/1618 477/1619 494/1620 
f 495/1621 496/1622 480/1623 475/1624 
f 496/1625 495/1626 492/1627 493/1628 
f 491/1629 492/1630 495/1631 494/1632 
f 493/1633 487/1634 490/1635 497/1636 
f 498/1637 496/1638 493/1639 497/1640 
f 491/1641 497/1642 490/1643 488/1644 
f 498/1645 497/1646 491/1647 494/1648 
f 496/1649 498/1650 479/1651 480/1652 
f 494/1653 477/1654 479/1655 498/1656 
f 502/1657 501/1658 500/1659 499/1660 
f 506/1661 505/1662 504/1663 503/1664 
f 510/1665 507/1666 509/1667 508/1668 
f 509/1669 507/1670 512/1671 511/1672 
f 500/1673 501/1674 506/1675 503/1676 
f 514/1677 513/1678 502/1679 499/1680 
f 504/1681 505/1682 516/1683 515/1684 
f 512/1685 517/1686 518/1687 511/1688 
f 522/1689 519/1690 521/1691 520/1692 
f 521/1693 519/1694 515/1695 516/1696 
f 520/1697 518/1698 517/1699 522/1700 
f 508/1701 513/1702 514/1703 510/1704 
f 526/1705 523/1706 525/1707 524/1708 
f 530/1709 527/1710 529/1711 528/1712 
f 534/1713 533/1714 532/1715 531/1716 
f 536/1717 535/1718 534/1719 531/1720 
f 540/1721 539/1722 538/1723 537/1724 
f 542/1725 541/1726 540/1727 537/1728 
f 544/1729 535/1730 536/1731 543/1732 
f 543/1733 538/1734 539/1735 544/1736 
f 541/1737 542/1738 524/1739 525/1740 
f 546/1741 532/1742 533/1743 545/1744 
f 523/1745 526/1746 528/1747 529/1748 
f 527/1749 530/1750 546/1751 545/1752 
f 548/1753 15/1754 547/1755 
f 321/1756 547/1757 15/1758 313/1759 
f 321/1760 549/1761 547/1762 
f 321/1763 550/1764 548/1765 549/1766 
f 554/1767 551/1768 553/1769 552/1770 
f 556/1771 460/1772 457/1773 555/1774 
f 557/1775 556/1776 551/1777 554/1778 
f 551/1779 556/1780 555/1781 558/1782 
f 554/1783 552/1784 560/1785 559/1786 
f 557/1787 554/1788 559/1789 561/1790 
f 559/1791 560/1792 562/1793 558/1794 
f 561/1795 555/1796 457/1797 455/1798 
f 561/1799 559/1800 558/1801 555/1802 
f 557/1803 458/1804 460/1805 556/1806 
f 557/1807 561/1808 455/1809 458/1810 
f 548/1811 550/1812 563/1813 
f 565/1814 564/1815 327/1816 
f 565/1817 327/1818 17/1819 
f 566/1820 565/1821 17/1822 
f 16/1823 333/1824 566/1825 17/1826 
f 567/1827 334/1828 352/1829 
f 352/1830 334/1831 335/1832 
f 352/1833 335/1834 365/1835 
f 365/1836 351/1837 352/1838 
f 401/1839 352/1840 400/1841 
f 400/1842 352/1843 355/1844 
f 568/1845 567/1846 352/1847 
f 568/1848 352/1849 401/1850 
f 568/1851 401/1852 405/1853 
f 550/1854 569/1855 563/1856 
f 321/1857 570/1858 569/1859 550/1860 
f 570/1861 321/1862 571/1863 
f 321/1864 247/1865 25/1866 571/1867 
f 25/1868 329/1869 571/1870 
f 405/1871 404/1872 572/1873 568/1874 
f 24/1875 572/1876 404/1877 29/1878 
f 363/1879 368/1880 277/1881 
f 357/1882 277/1883 359/1884 
f 359/1885 277/1886 368/1887 
f 357/1888 325/1889 277/1890 
f 327/1891 564/1892 573/1893 
f 327/1894 573/1895 22/1896 
f 573/1897 574/1898 22/1899 
f 24/1900 22/1901 574/1902 572/1903 
f 576/1904 575/1905 324/1906 325/1907 
f 357/1908 577/1909 576/1910 325/1911 
f 566/1912 579/1913 578/1914 565/1915 
f 578/1916 580/1917 564/1918 565/1919 
f 578/1920 581/1921 580/1922 
f 584/1923 583/1924 582/1925 
f 585/1926 581/1927 578/1928 579/1929 
f 582/1930 585/1931 579/1932 584/1933 
f 577/1934 360/1935 587/1936 586/1937 
f 357/1938 360/1939 577/1940 
f 571/1941 329/1942 330/1943 588/1944 
f 572/1945 574/1946 585/1947 582/1948 
f 572/1949 582/1950 568/1951 
f 331/1952 324/1953 575/1954 
f 588/1955 330/1956 331/1957 575/1958 
f 574/1959 573/1960 581/1961 585/1962 
f 580/1963 581/1964 573/1965 564/1966 
f 589/1967 563/1968 569/1969 570/1970 
f 592/1971 591/1972 590/1973 
f 567/1974 568/1975 582/1976 583/1977 
f 548/1978 563/1979 589/1980 549/1981 
f 334/1982 567/1983 583/1984 584/1985 
f 577/1986 575/1987 576/1988 
f 549/1989 589/1990 570/1991 
f 577/1992 586/1993 588/1994 575/1995 
f 547/1996 549/1997 570/1998 571/1999 
f 586/2000 547/2001 571/2002 588/2003 
f 333/2004 584/2005 579/2006 566/2007 
f 584/2008 333/2009 334/2010 
f 14/2011 15/2012 360/2013 
f 548/2014 587/2015 15/2016 
f 587/2017 360/2018 15/2019 
f 586/2020 587/2021 548/2022 547/2023 
f 596/2024 595/2025 594/2026 593/2027 
f 599/2028 598/2029 597/2030 
f 594/2031 595/2032 8/2033 
f 603/2034 602/2035 601/2036 600/2037 
f 593/2038 606/2039 605/2040 604/2041 
f 608/2042 603/2043 600/2044 607/2045 
f 609/2046 596/2047 593/2048 604/2049 
f 600/2050 599/2051 597/2052 607/2053 
f 610/2054 594/2055 8/2056 9/2057 
f 614/2058 613/2059 612/2060 611/2061 
f 614/2062 616/2063 615/2064 613/2065 
f 617/2066 616/2067 614/2068 611/2069 
f 618/2070 612/2071 613/2072 615/2073 
f 611/2074 612/2075 618/2076 617/2077 
f 591/2078 620/2079 619/2080 590/2081 
f 624/2082 623/2083 622/2084 621/2085 
f 622/2086 626/2087 625/2088 621/2089 
f 628/2090 625/2091 626/2092 627/2093 
f 622/2094 623/2095 626/2096 
f 626/2097 623/2098 629/2099 627/2100 
f 633/2101 630/2102 632/2103 631/2104 
f 632/2105 630/2106 635/2107 634/2108 
f 634/2109 636/2110 627/2111 629/2112 
f 627/2113 636/2114 631/2115 628/2116 
f 634/2117 629/2118 637/2119 632/2120 
f 632/2121 637/2122 628/2123 631/2124 
f 631/2125 636/2126 633/2127 
f 624/2128 621/2129 625/2130 
f 625/2131 628/2132 637/2133 624/2134 
f 637/2135 629/2136 623/2137 624/2138 
f 634/2139 635/2140 636/2141 
f 641/2142 638/2143 640/2144 639/2145 
f 643/2146 640/2147 638/2148 642/2149 
f 638/2150 641/2151 644/2152 642/2153 
f 384/2154 645/2155 646/2156 386/2157 
f 646/2158 645/2159 642/2160 644/2161 
f 645/2162 647/2163 643/2164 642/2165 
f 648/2166 644/2167 641/2168 639/2169 
f 649/2170 388/2171 386/2172 646/2173 
f 646/2174 644/2175 648/2176 649/2177 
f 640/2178 643/2179 648/2180 639/2181 
f 648/2182 643/2183 647/2184 649/2185 
f 385/2186 388/2187 649/2188 647/2189 
f 647/2190 645/2191 384/2192 385/2193 
f 653/2194 650/2195 652/2196 651/2197 
f 655/2198 652/2199 650/2200 654/2201 
f 650/2202 653/2203 656/2204 654/2205 
f 375/2206 657/2207 658/2208 378/2209 
f 658/2210 657/2211 654/2212 656/2213 
f 657/2214 659/2215 655/2216 654/2217 
f 660/2218 656/2219 653/2220 651/2221 
f 661/2222 387/2223 378/2224 658/2225 
f 658/2226 656/2227 660/2228 661/2229 
f 652/2230 655/2231 660/2232 651/2233 
f 660/2234 655/2235 659/2236 661/2237 
f 379/2238 387/2239 661/2240 659/2241 
f 659/2242 657/2243 375/2244 379/2245 
f 665/2246 662/2247 664/2248 663/2249 
f 667/2250 664/2251 662/2252 666/2253 
f 662/2254 665/2255 668/2256 666/2257 
f 377/2258 669/2259 670/2260 376/2261 
f 670/2262 669/2263 666/2264 668/2265 
f 669/2266 671/2267 667/2268 666/2269 
f 672/2270 668/2271 665/2272 663/2273 
f 673/2274 380/2275 376/2276 670/2277 
f 670/2278 668/2279 672/2280 673/2281 
f 664/2282 667/2283 672/2284 663/2285 
f 672/2286 667/2287 671/2288 673/2289 
f 383/2290 380/2291 673/2292 671/2293 
f 671/2294 669/2295 377/2296 383/2297 
f 233/2298 234/2299 272/2300 222/2301 
f 234/2302 235/2303 272/2304 
f 363/2305 236/2306 369/2307 
f 363/2308 364/2309 235/2310 236/2311 
f 236/2312 233/2313 369/2314 
f 674/2315 276/2316 407/2317 
f 276/2318 674/2319 382/2320 275/2321 
f 393/2322 674/2323 407/2324 
f 674/2325 393/2326 381/2327 382/2328 
f 349/2329 215/2330 336/2331 348/2332 
f 238/2333 3/2334 241/2335 
f 240/2336 675/2337 239/2338 
f 678/2339 105/2340 677/2341 676/2342 
f 270/2343 269/2344 348/2345 336/2346 
f 214/2347 215/2348 349/2349 271/2350 
f 86/2351 105/2352 678/2353 
f 9/2354 7/2355 4/2356 
f 4/2357 679/2358 610/2359 9/2360 
f 619/2361 620/2362 679/2363 615/2364 
f 615/2365 679/2366 4/2367 618/2368 
f 680/2369 619/2370 615/2371 616/2372 
f 245/2373 617/2374 618/2375 4/2376 
f 680/2377 616/2378 617/2379 245/2380 
f 242/2381 243/2382 245/2383 
f 245/2384 243/2385 681/2386 680/2387 
f 683/2388 682/2389 87/2390 102/2391 
f 684/2392 88/2393 87/2394 682/2395 
f 685/2396 89/2397 88/2398 684/2399 
f 685/2400 683/2401 102/2402 89/2403 
f 110/2404 128/2405 125/2406 129/2407 
f 11/2408 2/2409 109/2410 108/2411 
f 72/2412 152/2413 155/2414 153/2415 
f 355/2416 686/2417 398/2418 
f 168/2419 686/2420 355/2421 170/2422 
f 134/2423 136/2424 121/2425 131/2426 
f 159/2427 162/2428 119/2429 120/2430 
f 76/2431 150/2432 149/2433 151/2434 
f 687/2435 676/2436 677/2437 
f 117/2438 10/2439 93/2440 
f 117/2441 93/2442 92/2443 118/2444 
f 151/2445 158/2446 60/2447 78/2448 
f 686/2449 356/2450 398/2451 
f 162/2452 10/2453 117/2454 116/2455 
f 131/2456 115/2457 118/2458 227/2459 
f 225/2460 152/2461 70/2462 53/2463 
f 169/2464 356/2465 686/2466 168/2467 
f 354/2468 688/2469 373/2470 
f 178/2471 179/2472 688/2473 354/2474 
f 688/2475 351/2476 373/2477 
f 179/2478 180/2479 351/2480 688/2481 
f 224/2482 114/2483 111/2484 129/2485 
f 1/2486 11/2487 112/2488 113/2489 
f 225/2490 53/2491 52/2492 
f 81/2493 79/2494 147/2495 148/2496 
f 677/2497 156/2498 155/2499 687/2500 
f 3/2501 238/2502 166/2503 2/2504 
f 239/2505 675/2506 125/2507 126/2508 
f 232/2509 86/2510 678/2511 689/2512 
f 691/2513 676/2514 687/2515 690/2516 
f 5/2517 122/2518 241/2519 3/2520 
f 123/2521 692/2522 675/2523 240/2524 
f 92/2525 227/2526 118/2527 
f 142/2528 143/2529 149/2530 147/2531 
f 107/2532 146/2533 145/2534 106/2535 
f 244/2536 159/2537 161/2538 693/2539 
f 137/2540 133/2541 134/2542 139/2543 
f 244/2544 693/2545 140/2546 141/2547 
f 125/2548 155/2549 152/2550 129/2551 
f 134/2552 131/2553 151/2554 149/2555 
f 131/2556 227/2557 158/2558 151/2559 
f 224/2560 129/2561 152/2562 225/2563 
f 687/2564 155/2565 125/2566 675/2567 
f 692/2568 690/2569 687/2570 675/2571 
f 139/2572 134/2573 149/2574 143/2575 
f 241/2576 678/2577 676/2578 240/2579 
f 123/2580 240/2581 676/2582 691/2583 
f 122/2584 689/2585 678/2586 241/2587 
f 123/2588 691/2589 689/2590 122/2591 
f 166/2592 65/2593 156/2594 126/2595 
f 677/2596 239/2597 126/2598 156/2599 
f 105/2600 65/2601 166/2602 238/2603 
f 238/2604 239/2605 677/2606 105/2607 
f 82/2608 81/2609 148/2610 150/2611 
f 128/2612 153/2613 64/2614 109/2615 
f 128/2616 110/2617 72/2618 153/2619 
f 694/2620 633/2621 636/2622 
f 633/2623 694/2624 282/2625 
f 635/2626 694/2627 636/2628 
f 635/2629 696/2630 695/2631 
f 114/2632 53/2633 70/2634 111/2635 
f 694/2636 635/2637 695/2638 
f 690/2639 697/2640 691/2641 
f 232/2642 689/2643 691/2644 697/2645 
f 115/2646 78/2647 60/2648 118/2649 
f 690/2650 83/2651 232/2652 697/2653 
f 692/2654 8/2655 596/2656 
f 150/2657 136/2658 120/2659 82/2660 
f 124/2661 5/2662 8/2663 
f 136/2664 150/2665 76/2666 121/2667 
f 692/2668 124/2669 8/2670 
f 142/2671 147/2672 133/2673 137/2674 
f 106/2675 693/2676 161/2677 79/2678 
f 147/2679 79/2680 161/2681 133/2682 
f 106/2683 145/2684 140/2685 693/2686 
f 142/2687 137/2688 140/2689 145/2690 
f 599/2691 681/2692 139/2693 143/2694 
f 124/2695 692/2696 123/2697 
f 698/2698 339/2699 284/2700 
f 300/2701 526/2702 317/2703 
f 304/2704 526/2705 303/2706 
f 303/2707 526/2708 300/2709 
f 307/2710 521/2711 308/2712 
f 308/2713 521/2714 315/2715 
f 307/2716 520/2717 521/2718 
f 520/2719 509/2720 511/2721 518/2722 
f 526/2723 524/2724 542/2725 
f 526/2726 542/2727 317/2728 
f 530/2729 526/2730 304/2731 
f 530/2732 528/2733 526/2734 
f 317/2735 542/2736 320/2737 
f 320/2738 542/2739 310/2740 
f 315/2741 521/2742 314/2743 
f 314/2744 521/2745 311/2746 
f 508/2747 509/2748 307/2749 
f 307/2750 509/2751 520/2752 
f 299/2753 296/2754 530/2755 
f 299/2756 530/2757 304/2758 
f 521/2759 516/2760 34/2761 
f 521/2762 34/2763 311/2764 
f 542/2765 508/2766 310/2767 
f 310/2768 508/2769 307/2770 
f 34/2771 33/2772 37/2773 
f 542/2774 537/2775 508/2776 
f 296/2777 295/2778 546/2779 
f 296/2780 546/2781 530/2782 
f 34/2783 37/2784 311/2785 
f 311/2786 37/2787 35/2788 
f 505/2789 34/2790 516/2791 
f 505/2792 476/2793 34/2794 
f 536/2795 538/2796 543/2797 
f 536/2798 531/2799 538/2800 
f 546/2801 295/2802 292/2803 
f 449/2804 459/2805 468/2806 451/2807 
f 501/2808 476/2809 505/2810 
f 501/2811 505/2812 506/2813 
f 538/2814 531/2815 537/2816 
f 537/2817 531/2818 508/2819 
f 291/2820 546/2821 292/2822 
f 291/2823 289/2824 546/2825 
f 468/2826 339/2827 698/2828 
f 468/2829 698/2830 699/2831 
f 513/2832 476/2833 501/2834 
f 513/2835 501/2836 502/2837 
f 289/2838 339/2839 459/2840 
f 339/2841 468/2842 459/2843 
f 36/2844 696/2845 35/2846 
f 699/2847 698/2848 696/2849 
f 531/2850 476/2851 513/2852 
f 531/2853 513/2854 508/2855 
f 289/2856 459/2857 546/2858 
f 546/2859 459/2860 532/2861 
f 476/2862 531/2863 532/2864 
f 470/2865 699/2866 36/2867 
f 36/2868 699/2869 696/2870 
f 476/2871 474/2872 472/2873 
f 532/2874 459/2875 452/2876 
f 532/2877 452/2878 476/2879 
f 486/2880 470/2881 36/2882 
f 452/2883 486/2884 474/2885 
f 452/2886 474/2887 476/2888 
f 452/2889 469/2890 486/2891 
f 469/2892 470/2893 486/2894 
f 469/2895 452/2896 453/2897 
f 341/2898 342/2899 345/2900 346/2901 
f 342/2902 340/2903 344/2904 345/2905 
f 288/2906 17/2907 290/2908 
f 288/2909 293/2910 17/2911 
f 293/2912 294/2913 17/2914 
f 17/2915 294/2916 297/2917 
f 297/2918 298/2919 305/2920 
f 318/2921 319/2922 309/2923 
f 17/2924 297/2925 305/2926 
f 305/2927 301/2928 302/2929 
f 318/2930 309/2931 18/2932 
f 17/2933 305/2934 302/2935 
f 302/2936 318/2937 18/2938 
f 17/2939 302/2940 18/2941 
f 306/2942 316/2943 18/2944 
f 18/2945 316/2946 15/2947 
f 316/2948 312/2949 15/2950 
f 312/2951 313/2952 15/2953 
f 535/2954 529/2955 527/2956 545/2957 
f 534/2958 535/2959 545/2960 533/2961 
f 512/2962 510/2963 514/2964 499/2965 
f 512/2966 507/2967 510/2968 
f 517/2969 512/2970 499/2971 503/2972 
f 499/2973 500/2974 503/2975 
f 503/2976 504/2977 515/2978 
f 519/2979 517/2980 503/2981 515/2982 
f 517/2983 519/2984 522/2985 
f 540/2986 541/2987 525/2988 544/2989 
f 540/2990 544/2991 539/2992 
f 544/2993 525/2994 529/2995 535/2996 
f 529/2997 525/2998 523/2999 
f 551/3000 558/3001 562/3002 553/3003 
f 552/3004 553/3005 562/3006 560/3007 
f 602/3008 603/3009 701/3010 700/3011 
f 608/3012 695/3013 701/3014 603/3015 
f 599/3016 680/3017 681/3018 
f 600/3019 601/3020 599/3021 
f 601/3022 702/3023 680/3024 599/3025 
f 619/3026 680/3027 702/3028 
f 619/3029 702/3030 592/3031 590/3032 
f 605/3033 700/3034 701/3035 604/3036 
f 604/3037 701/3038 695/3039 609/3040 
f 606/3041 593/3042 594/3043 
f 679/3044 594/3045 610/3046 
f 606/3047 594/3048 679/3049 702/3050 
f 679/3051 620/3052 702/3053 
f 620/3054 591/3055 592/3056 702/3057 
f 700/3058 605/3059 606/3060 702/3061 
f 602/3062 700/3063 702/3064 601/3065 
f 630/3066 633/3067 35/3068 
f 633/3069 282/3070 35/3071 
f 696/3072 635/3073 630/3074 
f 696/3075 630/3076 35/3077 
f 685/3078 281/3079 280/3080 
f 267/3081 100/3082 280/3083 268/3084 
f 281/3085 685/3086 286/3087 285/3088 
f 683/3089 685/3090 100/3091 
f 100/3092 685/3093 280/3094 
f 598/3095 146/3096 107/3097 104/3098 
f 265/3099 100/3100 267/3101 266/3102 
f 685/3103 287/3104 286/3105 
f 100/3106 101/3107 683/3108 
f 282/3109 100/3110 265/3111 278/3112 
f 287/3113 685/3114 263/3115 264/3116 
f 598/3117 607/3118 597/3119 
f 282/3120 598/3121 104/3122 100/3123 
f 685/3124 684/3125 263/3126 
f 682/3127 683/3128 237/3129 
f 237/3130 683/3131 101/3132 
f 684/3133 279/3134 262/3135 263/3136 
f 682/3137 237/3138 85/3139 
f 607/3140 598/3141 608/3142 
f 608/3143 598/3144 282/3145 
f 684/3146 284/3147 283/3148 279/3149 
f 694/3150 608/3151 282/3152 
f 85/3153 284/3154 682/3155 
f 682/3156 284/3157 684/3158 
f 284/3159 85/3160 83/3161 
f 695/3162 608/3163 694/3164 
f 698/3165 284/3166 83/3167 690/3168 
f 698/3169 695/3170 696/3171 
f 692/3172 698/3173 690/3174 
f 698/3175 692/3176 609/3177 
f 698/3178 609/3179 695/3180 
f 596/3181 609/3182 692/3183 
f 596/3184 8/3185 595/3186 
f 448/3187 461/3188 450/3189 
f 461/3190 703/3191 456/3192 450/3193 
f 464/3194 465/3195 454/3196 
f 464/3197 454/3198 456/3199 703/3200 
f 467/3201 464/3202 703/3203 704/3204 
f 704/3205 703/3206 461/3207 463/3208 
f 463/3209 462/3210 705/3211 704/3212 
f 467/3213 704/3214 705/3215 466/3216 
f 470/3217 466/3218 705/3219 699/3220 
f 468/3221 699/3222 705/3223 462/3224 
f 484/3225 31/3226 478/3227 706/3228 
f 31/3229 484/3230 30/3231 
f 485/3232 707/3233 39/3234 38/3235 
f 481/3236 706/3237 478/3238 473/3239 
f 481/3240 473/3241 471/3242 
f 483/3243 482/3244 39/3245 707/3246 
f 486/3247 36/3248 39/3249 482/3250 
f 485/3251 484/3252 706/3253 707/3254 
f 707/3255 706/3256 481/3257 483/3258 
f 144/3259 146/3260 598/3261 
f 143/3262 144/3263 598/3264 
f 599/3265 143/3266 598/3267 
f 681/3268 243/3269 141/3270 
f 138/3271 681/3272 141/3273 
f 139/3274 681/3275 138/3276 
# num_faces: 912

